,CHART_DATE,CLOSE,HIGH,LOW,OPEN,VALUE
0,2013-09-02,162.1,165.0,161.1,165.0,53731806.0
1,2013-09-03,162.0,162.8,160.0,162.1,82414995.0
2,2013-09-13,168.5,168.5,165.9,167.5,243766351.0
3,2013-09-04,160.9,162.0,158.0,162.0,151865164.0
4,2013-09-05,164.5,165.0,159.1,159.1,106246687.0
5,2013-09-06,164.5,165.1,162.0,164.4,63575489.0
6,2013-09-09,165.0,166.0,164.4,164.5,153459130.0
7,2013-09-10,167.7,168.9,166.6,167.0,154762899.0
8,2013-09-11,170.0,170.0,168.6,168.9,235215954.0
9,2013-09-12,167.5,171.0,165.0,171.0,132842949.0
10,2013-09-27,172.0,173.7,171.0,172.0,195268452.0
11,2013-09-16,172.5,172.5,168.0,168.5,170571869.0
12,2013-09-17,174.4,175.5,174.0,174.0,195738489.0
13,2013-09-18,174.0,175.0,174.0,175.0,196636495.0
14,2013-09-19,176.1,179.3,175.0,176.6,213715347.0
15,2013-09-20,164.0,179.0,164.0,178.0,105429676.0
16,2013-09-23,172.9,174.2,170.5,170.5,128472466.0
17,2013-09-24,172.0,174.3,171.2,173.0,77072638.0
18,2013-09-25,175.0,175.0,171.6,171.6,127649092.0
19,2013-09-26,170.2,172.0,170.0,170.0,115621608.0
20,2013-10-11,175.0,176.8,173.9,176.5,81599192.0
21,2013-09-30,168.5,173.8,168.4,173.8,83166728.0
22,2013-10-01,168.6,171.0,167.0,167.0,83117193.0
23,2013-10-02,176.1,178.0,170.3,175.0,205035993.0
24,2013-10-03,174.0,175.0,172.2,175.0,149906711.0
25,2013-10-04,174.8,175.2,174.0,175.0,128869773.0
26,2013-10-07,175.2,176.9,174.8,174.8,68436263.0
27,2013-10-08,174.0,176.0,173.7,176.0,47237742.0
28,2013-10-09,172.1,174.4,171.4,174.4,61045389.0
29,2013-10-10,174.8,175.0,173.0,173.2,15777864.0
30,2013-10-29,177.0,178.0,176.8,177.0,35501544.0
31,2013-10-14,172.7,175.0,172.0,172.1,36354205.0
32,2013-10-16,174.0,176.0,172.5,172.7,93399596.0
33,2013-10-17,175.5,176.5,175.0,176.1,128462233.0
34,2013-10-18,176.5,177.5,175.5,176.0,150397870.0
35,2013-10-21,177.8,178.8,176.5,176.5,45628229.0
36,2013-10-22,177.5,178.6,177.0,178.0,107715039.0
37,2013-10-23,181.2,184.0,177.4,178.0,249234272.0
38,2013-10-24,179.0,182.0,179.0,181.2,90736572.0
39,2013-10-25,177.0,180.0,176.9,179.0,138007395.0
40,2013-11-05,177.5,178.5,175.9,175.9,94342143.0
41,2013-11-13,180.2,181.8,177.8,180.9,159949575.0
42,2013-10-30,180.0,180.0,176.7,177.0,38404386.0
43,2013-10-31,177.4,182.0,176.6,177.0,96731232.0
44,2013-11-04,175.0,178.0,173.2,178.0,78716648.0
45,2013-11-06,180.0,181.0,177.0,179.0,87540810.0
46,2013-11-07,180.9,182.0,180.0,180.0,109755807.0
47,2013-11-08,180.0,181.0,179.0,181.0,108400987.0
48,2013-11-11,176.6,180.9,176.3,180.5,122906329.0
49,2013-11-12,181.9,181.9,176.8,177.5,36328571.0
50,2013-11-27,174.0,180.0,173.6,180.0,270815221.0
51,2013-11-14,185.0,186.2,181.1,181.1,88691818.0
52,2013-11-15,182.0,185.0,182.0,183.0,79794185.0
53,2013-11-18,181.0,184.0,180.9,182.0,89558271.0
54,2013-11-19,183.8,184.0,180.0,184.0,44223742.0
55,2013-11-20,180.0,183.0,177.4,183.0,181340859.0
56,2013-11-21,180.0,180.0,174.0,179.0,70995290.0
57,2013-11-22,179.4,180.1,177.0,180.0,62927370.0
58,2013-11-25,171.0,177.0,171.0,176.0,119725181.0
59,2013-11-26,180.0,180.0,171.1,171.1,154372121.0
60,2013-12-11,170.9,170.9,165.0,166.0,57159055.0
61,2013-11-28,180.5,180.7,174.0,174.0,113995336.0
62,2013-11-29,177.1,180.6,177.1,180.6,77619501.0
63,2013-12-02,180.0,181.7,178.1,180.0,72377773.0
64,2013-12-03,175.6,179.9,175.6,177.9,91860993.0
65,2013-12-04,172.5,177.6,172.2,175.6,133767920.0
66,2013-12-05,174.0,176.0,172.5,172.5,63263911.0
67,2013-12-06,170.0,174.0,169.8,174.0,193442473.0
68,2013-12-09,168.0,170.0,165.4,168.0,184664737.0
69,2013-12-10,165.0,170.0,165.0,169.0,112424769.0
70,2013-12-27,173.1,173.2,171.0,172.0,112647742.0
71,2013-12-12,161.0,171.9,161.0,171.9,86637754.0
72,2013-12-13,166.0,166.0,160.7,161.1,149271677.0
73,2013-12-16,173.0,173.0,165.2,166.0,123540682.0
74,2013-12-17,179.8,179.8,171.0,173.0,123056485.0
75,2013-12-18,173.4,177.0,172.5,177.0,104624715.0
76,2013-12-19,171.0,177.0,171.0,174.7,141194360.0
77,2013-12-20,169.7,174.0,167.0,170.5,71097593.0
78,2013-12-23,168.5,172.1,168.5,172.0,69699362.0
79,2013-12-26,170.5,172.0,169.5,172.0,69243813.0
80,2014-01-15,163.5,169.0,163.5,164.5,53052478.0
81,2014-01-02,175.9,176.0,173.2,173.2,27692106.0
82,2014-01-03,172.0,176.0,168.8,176.0,69962710.0
83,2014-01-06,175.0,175.0,170.1,172.0,30290090.0
84,2014-01-07,172.0,174.5,170.5,174.5,74237343.0
85,2014-01-08,169.5,172.0,169.1,172.0,157530801.0
86,2014-01-09,169.0,169.7,168.4,169.6,90894719.0
87,2014-01-10,165.8,170.0,165.8,169.0,54087013.0
88,2014-01-13,167.5,170.0,166.0,166.0,137550213.0
89,2014-01-14,163.5,167.9,162.4,167.9,80210738.0
90,2014-01-29,157.0,160.0,157.0,159.9,112297933.0
91,2014-01-16,166.6,172.0,166.6,168.0,63979838.0
92,2014-01-17,167.0,171.9,167.0,171.9,14706164.0
93,2014-01-20,167.0,170.0,166.0,167.1,17597078.0
94,2014-01-21,168.0,168.0,163.5,167.0,36867397.0
95,2014-01-22,170.0,170.0,165.5,168.0,42541750.0
96,2014-01-23,167.0,172.0,165.2,172.0,29079055.0
97,2014-01-24,164.7,169.0,164.7,168.0,174041622.0
98,2014-01-27,162.4,164.2,162.4,164.0,105392872.0
99,2014-01-28,157.6,164.4,157.6,164.0,141895607.0
100,2014-02-13,151.6,154.5,151.6,153.3,67599780.0
101,2014-01-30,152.0,155.0,151.5,155.0,185921847.0
102,2014-02-03,152.8,155.0,152.8,154.0,157933338.0
103,2014-02-04,151.0,153.0,150.8,152.8,53038328.0
104,2014-02-05,151.6,152.2,150.9,151.0,112057102.0
105,2014-02-06,151.0,152.9,151.0,152.6,91441337.0
106,2014-02-07,152.5,153.0,151.8,152.9,62379442.0
107,2014-02-10,152.5,154.8,152.3,152.7,102601815.0
108,2014-02-11,152.9,154.9,152.2,153.0,124020334.0
109,2014-02-12,152.4,155.0,152.4,153.0,72384378.0
110,2014-02-27,162.6,162.8,159.5,159.6,167237372.0
111,2014-02-14,153.0,153.9,152.0,152.0,56729299.0
112,2014-02-17,157.9,159.1,155.2,155.2,112947382.0
113,2014-02-18,162.0,163.7,159.0,159.0,136212955.0
114,2014-02-19,163.0,165.0,160.2,162.8,168227469.0
115,2014-02-20,167.0,167.0,163.1,164.0,169341069.0
116,2014-02-21,160.5,167.0,160.5,166.7,143415414.0
117,2014-02-24,160.7,163.0,159.9,163.0,224830972.0
118,2014-02-25,159.5,161.0,159.2,161.0,221205021.0
119,2014-02-26,159.0,160.2,157.5,160.0,306842426.0
120,2014-03-13,168.0,168.0,167.0,168.0,48509751.0
121,2014-02-28,171.0,171.0,162.8,163.5,184505208.0
122,2014-03-03,168.0,168.5,166.8,168.0,56244757.0
123,2014-03-04,167.0,167.9,164.9,167.9,84424138.0
124,2014-03-05,162.5,168.0,162.5,168.0,53155640.0
125,2014-03-06,166.0,166.0,163.2,163.2,88226782.0
126,2014-03-07,166.6,166.6,165.0,166.0,127553111.0
127,2014-03-10,167.5,167.8,166.7,166.7,62830950.0
128,2014-03-11,167.4,168.0,167.4,168.0,95694468.0
129,2014-03-12,166.1,166.8,166.0,166.2,84755474.0
130,2014-03-27,166.9,167.4,165.0,166.0,54820959.0
131,2014-03-14,165.0,167.0,164.0,167.0,82953091.0
132,2014-03-17,167.4,167.9,166.0,166.0,90418907.0
133,2014-03-18,168.4,168.5,166.0,167.2,176111441.0
134,2014-03-19,168.6,169.2,168.3,169.0,70303870.0
135,2014-03-20,166.7,168.2,166.4,168.2,44733301.0
136,2014-03-21,166.5,167.5,166.3,166.9,144125583.0
137,2014-03-24,168.3,169.1,165.4,166.9,121904436.0
138,2014-03-25,166.7,167.0,165.9,166.9,60312078.0
139,2014-03-26,166.0,166.5,165.8,166.0,147927927.0
140,2014-04-11,176.8,177.0,176.1,177.0,127077860.0
141,2014-03-28,168.0,168.0,164.8,166.8,146395184.0
142,2014-03-31,171.0,171.4,166.9,168.0,152184647.0
143,2014-04-01,172.0,172.0,170.0,170.0,78064050.0
144,2014-04-02,172.1,174.2,171.0,172.0,152000423.0
145,2014-04-03,175.0,175.0,172.8,173.0,127562815.0
146,2014-04-04,171.0,175.1,171.0,175.1,65120143.0
147,2014-04-07,177.0,177.0,171.3,172.7,72276960.0
148,2014-04-08,176.0,176.0,173.0,174.0,144720279.0
149,2014-04-10,177.0,177.1,174.0,174.0,92120658.0
150,2014-04-14,176.9,176.9,176.0,176.8,102250874.0
151,2014-04-21,175.7,177.2,175.7,176.4,64156972.0
152,2014-04-29,171.0,172.0,168.8,169.0,48884099.0
153,2014-04-15,176.5,177.5,175.6,177.1,95537817.0
154,2014-04-16,176.4,176.8,175.9,176.5,66211175.0
155,2014-04-22,176.2,176.7,175.7,175.7,98280090.0
156,2014-04-23,176.0,177.0,175.4,175.6,90348723.0
157,2014-04-24,173.2,176.2,173.0,176.0,142537064.0
158,2014-04-25,168.5,172.9,168.5,172.9,125144614.0
159,2014-04-28,168.3,169.5,168.0,169.0,94767005.0
160,2014-05-13,173.3,174.3,173.3,173.4,63283743.0
161,2014-05-14,176.0,176.1,174.0,174.0,172509653.0
162,2014-04-30,172.0,172.7,171.0,172.0,67029341.0
163,2014-05-02,174.8,176.0,172.4,172.4,94510961.0
164,2014-05-05,176.2,176.3,172.1,174.8,94983474.0
165,2014-05-06,174.8,175.5,172.5,172.5,7912087.0
166,2014-05-07,174.9,175.0,173.0,174.6,44692513.0
167,2014-05-08,172.9,175.0,172.5,174.5,59690471.0
168,2014-05-09,174.0,175.6,173.2,173.2,129991936.0
169,2014-05-12,173.5,174.0,173.2,174.0,74764309.0
170,2014-05-28,187.0,188.0,185.5,186.0,144704635.0
171,2014-05-15,177.9,179.0,176.0,176.0,163921972.0
172,2014-05-16,180.0,180.0,177.3,177.7,198050885.0
173,2014-05-19,186.0,186.0,180.3,180.3,380680286.0
174,2014-05-20,189.6,192.0,186.2,186.2,171030554.0
175,2014-05-21,185.0,188.0,185.0,188.0,93740775.0
176,2014-05-22,185.5,188.0,184.5,186.0,136149385.0
177,2014-05-23,186.4,190.0,185.0,185.0,81672906.0
178,2014-05-26,187.0,189.0,185.5,186.0,152422755.0
179,2014-05-27,186.0,186.5,185.5,186.5,42375547.0
180,2014-06-11,176.0,179.0,174.8,179.0,146580605.0
181,2014-05-29,185.3,189.0,185.0,187.0,110372409.0
182,2014-05-30,179.1,185.3,179.1,185.0,397379108.0
183,2014-06-02,180.4,184.0,179.2,179.2,66117768.0
184,2014-06-03,183.6,183.6,180.4,180.5,72732170.0
185,2014-06-04,180.2,185.2,180.2,184.0,36422648.0
186,2014-06-05,179.3,182.5,179.0,181.7,47900223.0
187,2014-06-06,180.0,184.7,179.8,184.5,61539875.0
188,2014-06-09,178.0,180.0,177.8,180.0,135591429.0
189,2014-06-10,178.0,180.1,178.0,180.1,108847943.0
190,2014-06-26,177.0,178.5,175.0,176.6,65534992.0
191,2014-06-13,175.0,176.8,174.8,176.4,102258206.0
192,2014-06-16,175.0,179.0,175.0,175.5,84230989.0
193,2014-06-17,176.0,177.0,175.1,176.9,129010941.0
194,2014-06-18,175.4,176.0,175.0,176.0,86072511.0
195,2014-06-19,174.4,175.4,173.0,175.4,49693938.0
196,2014-06-20,176.0,179.0,174.0,174.9,119694661.0
197,2014-06-23,177.3,178.5,175.5,176.0,51138222.0
198,2014-06-24,175.8,177.3,175.0,177.3,21024689.0
199,2014-06-25,174.0,177.0,173.1,174.0,42630150.0
200,2014-07-10,180.0,184.0,179.3,180.2,286509862.0
201,2014-06-27,176.0,178.8,174.2,177.0,18375095.0
202,2014-06-30,176.0,177.7,174.8,176.0,64307231.0
203,2014-07-01,179.8,180.0,176.0,176.0,52261075.0
204,2014-07-02,180.1,180.1,177.3,177.3,96249693.0
205,2014-07-03,184.4,185.0,180.3,180.3,135459200.0
206,2014-07-04,182.6,185.0,182.0,184.4,225598540.0
207,2014-07-07,183.9,184.8,183.0,183.0,91908952.0
208,2014-07-08,180.0,183.9,179.9,183.9,121031008.0
209,2014-07-09,180.0,181.3,179.5,181.0,36045381.0
210,2014-07-22,179.3,179.9,177.2,179.5,49576503.0
211,2014-07-25,178.0,179.1,177.2,178.5,45499889.0
212,2014-07-11,181.0,181.0,178.7,179.9,28940045.0
213,2014-07-14,178.5,181.0,178.0,181.0,52744412.0
214,2014-07-15,178.2,178.2,174.8,177.0,78800195.0
215,2014-07-17,178.0,179.2,175.1,178.2,80672803.0
216,2014-07-18,173.3,178.0,173.0,178.0,90579268.0
217,2014-07-21,180.0,180.0,174.0,174.0,57980543.0
218,2014-07-23,179.5,180.7,179.3,179.3,80294755.0
219,2014-07-24,178.5,179.6,176.7,179.6,80025000.0
220,2014-07-31,176.8,178.0,176.0,176.0,97183165.0
221,2014-08-07,185.8,186.7,185.0,186.7,69163721.0
222,2014-08-08,182.8,185.7,180.3,185.7,43485571.0
223,2014-08-11,179.3,182.0,177.0,182.0,173114327.0
224,2014-07-28,176.6,178.1,176.1,178.0,90439275.0
225,2014-07-30,175.0,178.0,175.0,178.0,83226741.0
226,2014-08-01,175.4,176.7,174.9,176.7,103739069.0
227,2014-08-04,182.7,183.1,175.8,175.8,127927188.0
228,2014-08-05,187.0,187.0,182.4,182.7,197078978.0
229,2014-08-06,186.9,187.7,186.0,187.0,225524733.0
230,2014-08-20,190.4,191.0,188.0,189.0,102631666.0
231,2014-08-27,190.0,193.3,189.9,193.0,62654729.0
232,2014-08-12,181.8,183.0,179.3,179.3,30258053.0
233,2014-08-13,182.3,182.5,181.8,182.5,35986456.0
234,2014-08-14,183.0,185.0,182.3,184.1,24766784.0
235,2014-08-15,181.3,183.3,180.7,183.0,81957799.0
236,2014-08-18,186.6,186.9,181.1,181.3,47720438.0
237,2014-08-19,189.1,189.3,186.7,186.7,74974231.0
238,2014-08-22,191.0,191.0,189.3,191.0,100284078.0
239,2014-08-26,192.5,192.5,190.4,191.0,95078363.0
240,2014-09-10,188.5,190.0,187.9,188.5,32453842.0
241,2014-08-28,188.0,190.0,186.5,190.0,54908275.0
242,2014-08-29,180.0,188.0,180.0,188.0,280824446.0
243,2014-09-01,185.3,187.5,184.0,184.8,96326523.0
244,2014-09-02,188.0,188.8,187.5,187.8,58712065.0
245,2014-09-03,192.9,192.9,187.9,188.1,376262243.0
246,2014-09-04,192.0,192.7,190.6,192.5,323603923.0
247,2014-09-05,192.6,192.8,191.8,192.1,63539519.0
248,2014-09-08,192.5,192.9,192.0,192.5,298529536.0
249,2014-09-09,188.5,191.0,187.8,191.0,40912733.0
250,2014-09-25,194.5,195.0,193.2,195.0,97791075.0
251,2014-09-26,192.4,194.5,190.9,194.5,67796651.0
252,2014-09-11,186.1,192.0,186.1,188.5,80441910.0
253,2014-09-12,190.1,190.9,187.0,188.0,277892278.0
254,2014-09-15,186.0,190.2,186.0,190.0,93888875.0
255,2014-09-16,190.3,190.3,189.0,190.0,88495279.0
256,2014-09-17,191.8,191.8,189.5,190.3,64109911.0
257,2014-09-18,199.0,199.8,191.8,191.9,299869373.0
258,2014-09-22,198.1,199.0,197.3,199.0,101962689.0
259,2014-09-23,192.0,198.1,192.0,198.1,169104584.0
260,2014-09-24,194.7,195.8,192.0,194.0,141132827.0
261,2014-10-10,191.0,192.5,190.0,190.9,126296592.0
262,2014-09-29,193.3,195.5,192.5,192.5,73265182.0
263,2014-09-30,196.0,196.0,190.6,194.0,155738209.0
264,2014-10-01,192.5,195.8,191.6,195.8,58152112.0
265,2014-10-02,190.0,195.4,190.0,190.1,84982107.0
266,2014-10-03,196.4,196.4,190.7,191.3,89258388.0
267,2014-10-07,196.4,197.7,195.9,196.4,66490488.0
268,2014-10-08,191.5,196.1,190.3,196.0,106348385.0
269,2014-10-09,191.5,193.4,191.4,191.7,30673264.0
270,2014-10-24,190.5,191.5,190.3,191.0,55687880.0
271,2014-10-13,186.0,190.0,186.0,189.6,160418837.0
272,2014-10-14,185.0,189.0,184.4,185.7,214626843.0
273,2014-10-15,185.1,189.0,185.0,188.9,71008051.0
274,2014-10-16,185.1,188.0,185.0,185.1,165253039.0
275,2014-10-17,181.0,187.0,181.0,185.1,92235216.0
276,2014-10-20,188.2,189.7,185.0,185.0,44012777.0
277,2014-10-21,188.6,190.4,188.6,189.7,65508848.0
278,2014-10-22,190.5,192.0,188.8,190.0,73677877.0
279,2014-10-23,190.7,192.0,190.5,191.8,59284080.0
280,2014-10-28,190.7,191.1,190.5,191.1,38790624.0
281,2014-10-31,196.0,196.0,193.0,194.0,292583392.0
282,2014-11-03,194.6,196.0,193.0,196.0,54230274.0
283,2014-11-07,195.0,197.5,195.0,196.0,53533030.0
284,2014-10-27,190.9,190.9,190.3,190.5,66936116.0
285,2014-10-29,191.3,191.9,190.2,190.6,52669946.0
286,2014-10-30,194.0,194.0,190.5,192.0,90994140.0
287,2014-11-04,194.7,195.5,194.5,194.9,79022312.0
288,2014-11-05,194.7,195.0,194.3,194.7,120732381.0
289,2014-11-06,196.0,197.6,195.1,195.1,107546561.0
290,2014-11-18,196.3,197.3,196.1,197.2,286433034.0
291,2014-11-21,199.6,200.4,197.6,197.8,204706162.0
292,2014-11-10,197.0,198.0,196.0,196.0,44626523.0
293,2014-11-11,196.9,197.9,196.5,197.9,111522511.0
294,2014-11-12,196.1,196.9,196.0,196.8,26682435.0
295,2014-11-13,196.9,197.2,196.7,197.2,23004062.0
296,2014-11-14,194.2,196.5,193.2,196.0,80866613.0
297,2014-11-17,197.0,197.0,195.0,195.0,30689166.0
298,2014-11-19,197.1,197.9,196.3,197.9,430562628.0
299,2014-11-20,198.0,198.0,196.5,197.2,81697348.0
300,2014-12-04,208.4,209.0,207.8,208.4,70206362.0
301,2014-12-05,208.6,209.0,206.8,208.8,69378158.0
302,2014-11-24,207.4,209.6,202.0,202.0,224542792.0
303,2014-11-25,205.0,210.0,205.0,207.4,210418482.0
304,2014-11-26,207.6,209.0,206.8,207.4,154166742.0
305,2014-11-27,206.8,207.6,206.0,207.0,54381668.0
306,2014-11-28,207.0,209.0,205.8,207.2,129102214.0
307,2014-12-01,206.0,207.0,204.4,207.0,106925904.0
308,2014-12-02,208.0,209.0,206.0,206.2,313187838.0
309,2014-12-03,208.0,208.4,207.4,208.0,118002348.0
310,2014-12-22,205.0,210.0,205.0,208.0,87717438.0
311,2014-12-09,207.2,209.0,203.0,209.0,55456898.0
312,2014-12-10,209.0,209.0,205.6,207.4,248497778.0
313,2014-12-11,206.0,206.4,205.2,205.6,263701444.0
314,2014-12-12,208.8,209.0,206.0,206.0,100083436.0
315,2014-12-15,204.0,207.4,203.2,207.4,162581288.0
316,2014-12-16,200.0,203.8,200.0,203.0,248241134.0
317,2014-12-17,201.6,203.0,196.9,199.5,584584195.0
318,2014-12-18,201.0,206.0,198.0,201.8,274452641.0
319,2014-12-19,208.0,208.0,201.2,202.0,98003482.0
320,2015-01-07,216.0,216.8,215.0,216.8,156896984.0
321,2015-01-14,211.0,212.0,210.0,210.0,286622008.0
322,2014-12-23,208.0,209.6,205.8,208.2,75711242.0
323,2014-12-29,215.0,215.0,208.6,208.6,211665212.0
324,2015-01-05,211.0,220.8,211.0,217.0,123550372.0
325,2015-01-06,216.0,217.0,208.0,211.0,176436646.0
326,2015-01-08,215.8,216.4,214.0,215.0,193768392.0
327,2015-01-09,209.6,216.0,209.6,215.8,242554756.0
328,2015-01-12,210.0,211.8,209.6,209.8,170259240.0
329,2015-01-13,210.0,214.0,209.6,211.0,133657700.0
330,2015-01-22,210.0,212.0,209.0,211.0,276608722.0
331,2015-01-30,232.0,234.0,225.0,226.0,387321240.0
332,2015-01-19,214.0,215.4,212.0,212.0,85458844.0
333,2015-01-20,212.0,214.0,211.2,213.0,142311332.0
334,2015-01-21,209.8,213.6,209.0,212.0,118197022.0
335,2015-01-23,214.0,214.4,213.0,213.8,337977350.0
336,2015-01-26,216.0,216.8,213.4,214.0,124378636.0
337,2015-01-27,212.0,215.6,211.8,215.0,225394542.0
338,2015-01-28,218.0,218.0,212.0,212.0,247444248.0
339,2015-01-29,224.0,225.0,216.6,217.0,221211458.0
340,2015-02-02,226.0,241.0,223.8,240.0,252706516.0
341,2015-02-12,230.0,236.0,228.0,236.0,190817738.0
342,2015-02-13,230.0,230.0,229.0,230.0,195200656.0
343,2015-02-03,225.0,228.8,224.2,228.0,201767896.0
344,2015-02-04,229.4,232.0,227.0,227.0,214601458.0
345,2015-02-05,224.0,229.4,223.0,229.0,241088994.0
346,2015-02-06,232.0,232.0,225.0,225.0,152613404.0
347,2015-02-09,235.8,237.0,231.0,233.0,74174264.0
348,2015-02-10,233.0,237.4,232.4,237.0,115585286.0
349,2015-02-11,235.2,236.0,233.0,233.0,118557774.0
350,2015-02-23,226.0,228.0,225.4,227.2,201602832.0
351,2015-03-02,217.0,220.6,215.8,219.8,165725668.0
352,2015-02-16,229.8,230.0,229.4,230.0,137364296.0
353,2015-02-17,229.0,229.6,227.8,228.0,120930476.0
354,2015-02-18,228.6,230.0,228.6,230.0,40022666.0
355,2015-02-20,226.8,229.8,226.8,228.6,99399100.0
356,2015-02-24,219.6,227.0,218.8,227.0,536336536.0
357,2015-02-25,216.8,220.4,215.4,220.4,323606374.0
358,2015-02-26,210.8,216.0,210.4,216.0,338413288.0
359,2015-02-27,219.8,219.8,212.2,213.0,498440696.0
360,2015-03-03,219.0,221.0,218.4,218.4,228881720.0
361,2015-03-16,211.0,212.4,210.6,210.8,81533122.0
362,2015-03-04,220.0,220.0,218.6,219.4,122297400.0
363,2015-03-05,218.6,220.0,218.2,220.0,107146634.0
364,2015-03-06,219.8,220.2,219.4,219.8,175107610.0
365,2015-03-09,216.8,219.0,212.2,219.0,160404702.0
366,2015-03-10,217.0,217.2,215.0,217.0,45563368.0
367,2015-03-11,214.0,216.8,214.0,215.0,71378490.0
368,2015-03-12,214.8,214.8,213.4,214.6,72359464.0
369,2015-03-13,210.8,214.8,210.8,214.0,146112492.0
370,2015-03-17,212.0,215.0,210.8,211.0,163105186.0
371,2015-03-25,217.0,217.2,215.4,217.0,112148524.0
372,2015-03-30,215.0,223.4,215.0,221.0,224459916.0
373,2015-03-18,213.0,214.8,212.0,212.0,166737612.0
374,2015-03-19,212.0,215.0,211.2,214.0,142418152.0
375,2015-03-20,214.4,214.4,211.2,212.0,330860138.0
376,2015-03-23,211.6,213.0,211.2,212.0,106860468.0
377,2015-03-24,216.0,216.0,211.4,212.6,209897784.0
378,2015-03-26,218.2,220.2,215.0,215.0,199350976.0
379,2015-03-27,217.4,219.6,215.6,219.0,217462292.0
380,2015-04-08,217.4,224.0,217.0,224.0,92599600.0
381,2015-04-16,212.4,214.8,211.0,212.0,136103390.0
382,2015-04-17,213.4,214.8,212.0,214.0,60408872.0
383,2015-04-20,212.0,213.8,211.0,213.4,113900830.0
384,2015-03-31,220.0,220.4,217.0,217.0,267080174.0
385,2015-04-01,222.4,222.8,219.0,220.0,385263476.0
386,2015-04-06,220.0,222.4,219.2,222.4,65052358.0
387,2015-04-07,224.0,225.0,220.0,220.0,218357194.0
388,2015-04-10,217.0,217.4,215.6,217.2,248186484.0
389,2015-04-13,219.0,219.0,214.4,216.0,118935408.0
390,2015-04-14,216.8,219.8,216.4,217.0,88082004.0
391,2015-04-15,211.0,215.6,210.0,215.6,204403292.0
392,2015-04-27,208.0,212.2,208.0,211.0,356631794.0
393,2015-04-29,201.0,205.8,201.0,205.0,295308092.0
394,2015-04-30,199.0,202.8,196.9,202.0,521610666.0
395,2015-05-04,207.0,207.0,200.8,200.8,256338666.0
396,2015-04-21,216.0,216.0,211.8,214.2,153321798.0
397,2015-04-22,211.6,215.2,211.2,215.0,200720868.0
398,2015-04-23,211.2,215.0,211.2,213.0,158516248.0
399,2015-04-24,211.0,213.0,210.2,213.0,210971856.0
400,2015-04-28,203.0,208.0,200.4,208.0,776103778.0
401,2015-05-15,212.0,212.0,211.0,211.0,321506238.0
402,2015-05-05,211.0,212.0,208.6,209.0,141591908.0
403,2015-05-06,209.0,211.0,207.0,210.8,99670172.0
404,2015-05-07,209.0,210.0,205.4,207.0,310742918.0
405,2015-05-08,210.0,210.8,209.2,210.0,200152996.0
406,2015-05-11,211.6,211.8,210.0,210.0,88660196.0
407,2015-05-12,212.0,212.8,210.2,210.8,126901606.0
408,2015-05-13,211.4,212.0,211.0,211.4,228871854.0
409,2015-05-14,211.4,211.6,210.6,211.4,421179504.0
410,2015-05-29,201.0,204.4,200.0,200.8,417454146.0
411,2015-05-18,213.0,214.0,211.4,212.0,121562962.0
412,2015-05-19,212.6,213.0,212.0,212.0,44168510.0
413,2015-05-20,212.0,212.8,212.0,212.6,57262378.0
414,2015-05-21,211.0,212.6,211.0,212.2,160347130.0
415,2015-05-22,211.0,212.2,210.4,212.0,94790458.0
416,2015-05-25,211.0,213.8,210.0,211.0,300443694.0
417,2015-05-26,209.0,211.6,208.6,211.2,219046850.0
418,2015-05-27,201.0,208.4,200.2,208.0,268941930.0
419,2015-05-28,201.0,205.0,198.9,201.2,166093416.0
420,2015-06-15,195.0,196.9,194.9,196.0,230922840.0
421,2015-06-01,200.0,201.2,197.5,201.0,122793648.0
422,2015-06-02,198.3,202.0,197.7,200.2,199521572.0
423,2015-06-03,202.0,202.0,197.0,197.0,119842978.0
424,2015-06-04,198.0,199.2,197.9,198.0,123995088.0
425,2015-06-05,199.0,201.0,197.8,198.3,132002349.0
426,2015-06-08,196.0,199.0,195.5,199.0,149088037.0
427,2015-06-09,195.5,196.0,194.0,196.0,124375287.0
428,2015-06-10,195.8,196.5,195.1,195.5,79965175.0
429,2015-06-11,195.5,199.0,195.0,196.0,138801985.0
430,2015-06-26,200.0,200.0,199.1,199.8,168195535.0
431,2015-06-16,197.0,197.4,195.0,195.5,98140807.0
432,2015-06-17,198.4,199.2,195.5,197.1,211384712.0
433,2015-06-18,198.3,199.5,197.7,199.2,139205315.0
434,2015-06-19,197.2,198.9,196.7,198.3,106661981.0
435,2015-06-22,196.0,197.5,195.9,197.5,191266046.0
436,2015-06-23,194.8,196.0,194.6,196.0,106814968.0
437,2015-06-24,200.0,200.0,195.0,195.0,79907735.0
438,2015-06-25,198.0,200.0,197.0,200.0,196066505.0
439,2015-06-25,198.0,200.0,197.0,200.0,196066505.0
440,2015-07-10,189.0,193.1,187.1,187.2,130191943.0
441,2015-06-29,199.8,199.9,195.0,198.6,65739886.0
442,2015-06-30,197.3,199.3,196.0,199.3,265770580.0
443,2015-07-01,195.4,197.1,195.0,197.1,573892829.0
444,2015-07-02,196.0,197.7,195.4,195.4,194481901.0
445,2015-07-03,195.7,197.0,195.4,196.0,239058312.0
446,2015-07-06,192.5,199.0,192.2,195.6,154583823.0
447,2015-07-07,192.0,194.9,191.4,192.9,83590383.0
448,2015-07-08,188.6,193.9,188.4,192.0,133266784.0
449,2015-07-09,187.2,188.6,186.0,188.6,126170626.0
450,2015-07-23,190.3,191.9,188.0,188.1,222571921.0
451,2015-07-13,190.0,191.0,188.1,189.0,100653562.0
452,2015-07-13,190.0,191.0,188.1,189.0,100653562.0
453,2015-07-14,192.0,193.0,191.5,192.0,96350663.0
454,2015-07-15,193.0,193.5,191.9,192.0,226967356.0
455,2015-07-16,192.6,193.0,191.9,192.8,129059030.0
456,2015-07-20,189.0,192.4,189.0,192.4,206226316.0
457,2015-07-21,192.0,192.0,189.5,189.7,81043852.0
458,2015-07-22,188.1,192.0,187.7,192.0,187463648.0
459,2015-07-23,190.3,191.9,188.0,188.1,222571921.0
460,2015-07-23,190.3,191.9,188.0,188.1,222571921.0
461,2015-08-05,192.0,195.9,190.0,194.1,162199353.0
462,2015-07-24,192.0,192.8,191.0,192.0,164458102.0
463,2015-07-27,190.0,192.1,188.6,192.0,45824093.0
464,2015-07-28,189.5,190.0,187.8,190.0,167796090.0
465,2015-07-29,189.0,190.0,187.7,190.0,124413846.0
466,2015-07-30,188.7,189.9,188.5,189.0,143497359.0
467,2015-07-31,190.0,190.0,188.5,189.0,114998261.0
468,2015-08-03,195.0,195.0,190.0,190.0,126224065.0
469,2015-08-04,194.1,194.1,191.5,194.0,86345668.0
470,2015-08-07,188.3,189.0,187.9,188.1,205217459.0
471,2015-08-19,189.7,190.0,189.0,190.0,85370485.0
472,2015-08-06,188.1,191.0,188.1,191.0,123899526.0
473,2015-08-10,192.0,192.2,188.8,189.0,68417023.0
474,2015-08-11,191.2,191.9,188.8,191.8,58754097.0
475,2015-08-12,192.2,192.5,187.6,191.2,119047256.0
476,2015-08-13,188.1,192.0,187.0,192.0,84996351.0
477,2015-08-14,188.4,190.0,188.3,188.3,33618750.0
478,2015-08-17,190.0,190.0,188.0,188.4,64828660.0
479,2015-08-18,190.0,190.0,188.7,190.0,85750432.0
480,2015-09-04,191.3,192.0,188.0,192.0,65201346.0
481,2015-08-20,185.9,189.8,182.1,189.7,91474764.0
482,2015-08-24,180.0,183.0,176.0,183.0,188429802.0
483,2015-08-25,180.0,183.0,175.5,178.0,90629949.0
484,2015-08-26,182.2,182.9,180.0,181.0,102616344.0
485,2015-08-27,191.3,191.4,182.3,182.3,214528613.0
486,2015-08-28,191.5,193.6,188.0,191.3,172777755.0
487,2015-09-01,188.1,194.0,187.8,191.5,110886009.0
488,2015-09-02,192.3,192.3,182.0,186.0,158883059.0
489,2015-09-03,191.0,191.8,189.0,191.0,66998916.0
490,2015-09-16,187.7,190.0,187.0,188.5,28746578.0
491,2015-09-07,185.0,189.5,185.0,189.5,48513441.0
492,2015-09-08,185.9,188.1,184.1,185.2,89806510.0
493,2015-09-09,191.0,191.0,184.8,186.2,59115247.0
494,2015-09-10,187.1,188.4,186.5,188.0,42880103.0
495,2015-09-11,183.1,189.9,183.1,189.9,29373072.0
496,2015-09-14,188.2,189.0,184.0,184.0,19687329.0
497,2015-09-15,187.8,188.8,187.0,188.0,29652143.0
498,2015-09-15,187.8,188.8,187.0,188.0,29652143.0
499,2015-09-15,187.8,188.8,187.0,188.0,29652143.0
500,2015-10-01,192.0,193.1,192.0,192.8,111016055.0
501,2015-09-17,188.0,189.9,186.5,187.6,85295356.0
502,2015-09-18,184.0,191.0,184.0,190.0,113725720.0
503,2015-09-21,190.5,190.5,186.0,187.0,63815617.0
504,2015-09-22,190.9,191.2,189.0,190.5,46788409.0
505,2015-09-23,189.0,190.0,185.5,190.0,44263066.0
506,2015-09-24,187.0,189.4,185.5,189.0,193546733.0
507,2015-09-28,188.0,188.3,186.1,187.0,60681474.0
508,2015-09-29,191.2,192.0,186.8,188.0,113266783.0
509,2015-09-30,192.8,192.8,191.7,192.0,172242246.0
510,2015-10-15,204.0,205.0,202.0,202.0,175845478.0
511,2015-10-02,192.8,193.1,192.0,192.0,96849350.0
512,2015-10-05,195.5,199.9,192.7,192.7,139040845.0
513,2015-10-06,196.7,199.5,196.5,197.5,147739575.0
514,2015-10-07,198.0,198.0,196.0,197.2,96765370.0
515,2015-10-08,195.0,197.8,194.5,197.5,147803513.0
516,2015-10-09,197.4,198.0,195.5,198.0,22792485.0
517,2015-10-12,200.0,200.0,197.4,197.4,87536176.0
518,2015-10-13,202.0,206.2,200.0,200.4,282749772.0
519,2015-10-14,203.0,207.6,203.0,203.0,188487176.0
520,2015-10-29,207.0,209.0,205.6,209.0,152462858.0
521,2015-10-16,205.4,206.8,204.6,205.2,146659386.0
522,2015-10-19,205.0,206.4,204.6,205.4,184976522.0
523,2015-10-20,206.0,208.0,205.0,206.0,406553566.0
524,2015-10-21,207.0,209.0,205.4,206.0,99076972.0
525,2015-10-22,207.0,207.6,206.4,207.0,91934760.0
526,2015-10-23,207.6,208.8,207.2,207.6,172415484.0
527,2015-10-26,207.0,208.2,207.0,207.8,105886302.0
528,2015-10-27,208.0,208.0,205.4,207.0,71710292.0
529,2015-10-28,208.2,208.2,205.6,207.8,45049760.0
530,2015-11-04,207.0,208.0,206.6,207.0,125067968.0
531,2015-11-12,204.0,204.6,203.2,204.0,108060844.0
532,2015-10-30,206.0,207.4,206.0,207.0,206095206.0
533,2015-11-02,207.0,207.4,205.8,206.0,81270274.0
534,2015-11-03,207.0,209.0,206.6,207.0,208131286.0
535,2015-11-05,205.8,206.8,205.4,206.4,31313484.0
536,2015-11-06,207.4,208.6,205.0,205.6,117595350.0
537,2015-11-09,206.8,207.4,205.2,207.4,129921306.0
538,2015-11-10,205.8,207.2,205.0,206.0,244995846.0
539,2015-11-11,204.0,204.4,200.0,204.0,260673146.0
540,2015-12-01,207.0,207.4,201.2,201.8,311680798.0
541,2015-11-13,200.0,203.8,199.9,203.8,50442342.0
542,2015-11-16,194.0,199.9,191.0,199.9,83455095.0
543,2015-11-17,195.5,199.8,194.0,195.0,89686848.0
544,2015-11-20,200.0,203.8,194.5,196.0,101861178.0
545,2015-11-23,202.0,203.0,199.4,200.0,49129411.0
546,2015-11-24,203.0,204.8,203.0,204.0,90898764.0
547,2015-11-25,206.0,207.0,204.2,206.0,296427506.0
548,2015-11-26,206.0,207.4,206.0,207.0,379246442.0
549,2015-11-27,201.0,207.0,200.2,206.8,223589384.0
550,2015-12-07,206.0,207.0,205.8,205.8,95556376.0
551,2015-12-15,204.0,207.0,203.2,206.2,103990078.0
552,2015-12-02,206.8,207.4,206.0,207.0,191660352.0
553,2015-12-03,205.4,207.0,203.2,206.8,130805688.0
554,2015-12-04,205.0,205.8,203.0,205.4,57972374.0
555,2015-12-08,207.2,208.0,204.6,205.0,135936904.0
556,2015-12-09,210.6,210.6,206.4,207.2,132876000.0
557,2015-12-10,209.6,210.6,208.8,210.6,868412536.0
558,2015-12-11,209.0,210.6,208.0,209.6,174117478.0
559,2015-12-14,206.0,209.0,204.0,209.0,161293678.0
560,2015-12-16,205.0,209.0,204.4,205.0,226142666.0
561,2016-01-05,210.0,213.0,209.4,212.0,269331798.0
562,2015-12-17,211.2,211.8,209.0,209.0,156689492.0
563,2015-12-21,220.0,220.0,210.6,210.6,203744518.0
564,2015-12-18,210.6,210.6,207.0,209.0,98978660.0
565,2015-12-22,219.0,219.0,213.8,216.2,199188902.0
566,2015-12-23,220.0,222.0,216.8,220.0,189403832.0
567,2015-12-28,222.0,223.0,221.4,221.8,197024576.0
568,2015-12-29,219.0,222.4,218.0,222.0,179100988.0
569,2016-01-04,213.4,218.6,213.4,218.6,42314994.0
570,2016-01-19,201.4,201.4,199.8,201.0,197167992.0
571,2016-01-06,214.0,214.0,208.0,210.0,237588206.0
572,2016-01-07,205.0,213.6,205.0,213.6,105923700.0
573,2016-01-08,205.0,207.0,200.8,204.0,89890766.0
574,2016-01-11,194.0,206.0,194.0,205.0,181168111.0
575,2016-01-12,199.0,202.2,194.2,195.0,65963401.0
576,2016-01-13,205.0,205.2,199.0,199.0,132273792.0
577,2016-01-14,201.8,203.0,199.6,203.0,142640469.0
578,2016-01-15,202.4,205.8,202.2,205.0,73596326.0
579,2016-01-18,201.0,202.0,198.0,199.6,119051994.0
580,2016-01-21,195.0,201.0,195.0,201.0,178244401.0
581,2016-02-02,207.0,208.0,206.8,207.8,164892354.0
582,2016-01-20,201.4,205.0,199.6,204.8,105973922.0
583,2016-01-22,198.0,199.3,196.1,196.1,270628777.0
584,2016-01-25,200.2,201.2,199.5,199.7,254315311.0
585,2016-01-26,200.4,201.8,197.8,199.2,124238366.0
586,2016-01-27,206.0,207.0,201.0,201.0,348125410.0
587,2016-01-28,204.8,206.0,202.8,203.4,238714810.0
588,2016-01-29,205.2,205.8,204.0,204.8,303328618.0
589,2016-02-01,207.8,209.8,205.6,207.0,396682302.0
590,2016-02-17,214.2,214.6,210.0,210.0,378006484.0
591,2016-02-03,206.4,206.8,201.0,204.0,221593178.0
592,2016-02-04,207.0,207.8,205.0,206.4,202384698.0
593,2016-02-05,214.6,217.4,207.2,208.0,324558606.0
594,2016-02-09,212.2,214.2,211.0,214.0,85689506.0
595,2016-02-10,210.0,211.8,205.0,211.8,499889622.0
596,2016-02-11,213.0,213.0,208.0,208.4,60978390.0
597,2016-02-12,210.4,211.0,208.6,210.6,429704490.0
598,2016-02-15,209.6,210.4,209.0,210.4,214373532.0
599,2016-02-16,209.8,210.8,209.0,210.0,148060796.0
600,2016-02-22,218.8,220.0,217.4,217.4,281746234.0
601,2016-03-03,228.0,229.8,224.2,229.8,146799050.0
602,2016-02-18,220.0,220.0,214.8,214.8,472614322.0
603,2016-02-19,217.8,220.0,217.6,220.0,406231812.0
604,2016-02-23,220.0,220.0,218.6,218.8,195845092.0
605,2016-02-24,220.0,220.0,218.8,220.0,176266876.0
606,2016-02-26,222.0,223.8,219.6,220.0,451968092.0
607,2016-02-29,219.0,223.4,218.0,222.0,218703386.0
608,2016-03-01,221.6,222.8,220.0,220.0,381389574.0
609,2016-03-02,230.0,230.0,222.0,222.0,539980650.0
610,2016-03-17,232.0,232.0,230.4,230.8,284691856.0
611,2016-03-04,225.0,228.6,223.8,228.0,248965296.0
612,2016-03-07,225.0,228.2,223.6,228.0,52954322.0
613,2016-03-08,225.0,225.0,223.0,225.0,109030046.0
614,2016-03-09,226.0,228.0,223.4,223.8,370378378.0
615,2016-03-10,230.0,231.0,226.0,226.2,327467616.0
616,2016-03-11,230.0,232.0,227.0,227.0,348084968.0
617,2016-03-14,229.6,235.0,229.4,231.0,146377512.0
618,2016-03-15,232.8,235.0,229.6,230.0,116505246.0
619,2016-03-16,230.2,234.0,226.8,233.0,80029012.0
620,2016-04-04,227.0,227.8,225.2,226.0,191503164.0
621,2016-03-18,232.0,232.0,231.2,232.0,192627498.0
622,2016-03-21,230.0,235.0,229.4,232.0,301905246.0
623,2016-03-22,230.0,233.8,229.4,230.4,231762518.0
624,2016-03-23,234.4,234.4,229.8,230.2,111156448.0
625,2016-03-28,234.0,234.2,232.2,234.2,59967326.0
626,2016-03-29,228.0,234.0,228.0,234.0,66334012.0
627,2016-03-30,230.0,233.4,228.0,228.0,259909512.0
628,2016-03-31,227.0,230.6,223.0,230.0,377908102.0
629,2016-04-01,227.2,229.0,226.4,227.0,54770434.0
630,2016-04-05,230.0,230.0,226.6,227.0,307112056.0
631,2016-04-06,228.0,230.0,227.0,230.0,111352162.0
632,2016-04-07,231.0,233.4,228.4,228.4,191871926.0
633,2016-04-13,230.0,233.0,229.8,232.0,138255002.0
634,2016-04-18,224.2,228.0,224.0,227.8,115491658.0
635,2016-04-08,230.6,231.0,228.4,231.0,90551716.0
636,2016-04-11,230.8,232.0,230.2,230.6,107562780.0
637,2016-04-12,230.8,231.2,230.4,230.8,110832720.0
638,2016-04-14,228.8,230.0,227.6,230.0,126072838.0
639,2016-04-15,228.2,229.0,227.8,229.0,116402666.0
640,2016-05-02,230.0,230.0,222.0,227.8,97196532.0
641,2016-04-19,221.8,225.0,221.4,224.4,187696772.0
642,2016-04-20,226.0,227.8,221.8,221.8,95155154.0
643,2016-04-21,226.0,227.0,223.4,226.0,134399640.0
644,2016-04-22,223.4,228.0,223.4,226.0,106204720.0
645,2016-04-25,226.8,226.8,223.6,224.0,81800192.0
646,2016-04-26,226.0,227.8,225.0,226.6,599941894.0
647,2016-04-27,226.0,226.0,221.0,221.0,561791886.0
648,2016-04-28,230.0,230.0,226.0,226.0,198314026.0
649,2016-04-29,229.6,229.6,222.8,229.6,86086634.0
650,2016-05-03,227.0,229.0,225.8,229.0,96904396.0
651,2016-05-16,240.0,242.6,230.0,233.2,331176470.0
652,2016-05-04,229.4,229.4,224.2,227.4,104002962.0
653,2016-05-05,227.0,228.0,224.8,228.0,132371998.0
654,2016-05-06,226.8,228.0,224.2,227.0,174007872.0
655,2016-05-06,226.8,228.0,224.2,227.0,174007872.0
656,2016-05-10,230.0,230.0,223.0,225.0,338179822.0
657,2016-05-11,233.8,235.0,229.0,230.0,444363748.0
658,2016-05-12,229.8,233.0,229.2,233.0,142186160.0
659,2016-05-13,234.6,237.8,229.6,230.0,325920538.0
660,2016-05-17,235.6,240.0,235.2,240.0,177608364.0
661,2016-05-26,233.6,236.0,230.0,236.0,148698324.0
662,2016-05-30,237.6,238.2,236.8,237.0,58286644.0
663,2016-05-18,235.0,239.0,231.0,237.0,430587578.0
664,2016-05-19,233.6,235.8,231.2,235.8,186922860.0
665,2016-05-20,235.0,237.0,233.0,233.6,167079832.0
666,2016-05-23,236.0,238.0,235.8,236.0,100941502.0
667,2016-05-24,236.2,237.4,235.6,235.8,107909596.0
668,2016-05-25,236.0,237.2,235.4,237.2,160366822.0
669,2016-05-27,236.6,237.8,234.6,235.0,85721654.0
670,2016-06-07,239.0,239.6,233.2,235.0,186433354.0
671,2016-06-08,237.0,239.8,237.0,239.0,120445420.0
672,2016-06-13,231.0,232.0,229.2,231.0,100824906.0
673,2016-05-31,235.4,237.8,235.4,237.6,664608892.0
674,2016-06-01,235.0,236.0,234.4,235.2,120867040.0
675,2016-06-02,230.0,236.0,230.0,235.6,176959542.0
676,2016-06-03,230.0,235.0,229.8,234.0,211155450.0
677,2016-06-06,233.0,233.4,231.0,231.0,155413066.0
678,2016-06-09,233.0,237.0,233.0,237.0,107785672.0
679,2016-06-10,230.0,238.0,230.0,235.0,97797562.0
680,2016-06-27,233.2,235.2,231.2,231.2,135328818.0
681,2016-06-14,231.0,234.0,230.0,231.0,91333474.0
682,2016-06-15,230.0,233.0,230.0,231.2,65680380.0
683,2016-06-16,234.0,235.0,231.2,231.2,88963310.0
684,2016-06-17,239.0,239.4,235.0,235.0,154499808.0
685,2016-06-20,238.0,239.0,235.0,238.8,110620506.0
686,2016-06-21,230.0,239.4,230.0,239.0,188404138.0
687,2016-06-22,234.6,237.0,233.8,237.0,165446124.0
688,2016-06-23,232.2,234.6,231.6,231.6,102502074.0
689,2016-06-24,235.0,235.8,231.8,235.8,176301840.0
690,2016-06-29,235.8,236.6,234.6,235.0,271419480.0
691,2016-07-11,250.0,252.0,245.8,247.8,240470272.0
692,2016-07-12,250.0,253.0,249.4,250.0,292462126.0
693,2016-06-28,235.0,235.2,233.6,234.0,143668008.0
694,2016-06-30,242.0,249.4,235.8,235.8,596648868.0
695,2016-07-01,245.2,245.4,243.0,243.0,242759384.0
696,2016-07-04,244.0,245.0,243.0,245.0,205705700.0
697,2016-07-05,244.8,245.8,243.8,244.0,153943074.0
698,2016-07-07,244.8,247.0,244.0,244.8,219323032.0
699,2016-07-08,244.8,245.0,244.0,244.4,113231638.0
700,2016-07-14,250.0,250.0,249.4,249.8,145020326.0
701,2016-07-26,250.2,257.8,250.2,253.0,194735866.0
702,2016-07-13,249.8,251.0,247.0,250.4,231712804.0
703,2016-07-15,250.0,250.0,249.6,250.0,178555888.0
704,2016-07-18,246.0,250.0,245.0,250.0,191820008.0
705,2016-07-19,248.0,249.8,247.0,247.0,179263422.0
706,2016-07-20,250.4,250.6,249.0,249.0,182596968.0
707,2016-07-25,252.8,259.6,252.8,255.0,128803048.0
708,2016-07-21,252.2,252.2,249.6,250.2,191161506.0
709,2016-07-22,255.0,257.8,252.8,252.8,191589828.0
710,2016-08-09,257.0,259.0,255.0,256.0,122236776.0
711,2016-07-27,258.0,259.0,250.2,250.2,317562088.0
712,2016-07-28,258.0,258.0,255.8,258.0,208768722.0
713,2016-07-29,255.0,258.6,255.0,258.0,107556342.0
714,2016-08-01,251.0,259.8,251.0,258.0,160458280.0
715,2016-08-02,254.0,254.4,251.0,251.0,134016758.0
716,2016-08-03,253.8,254.6,251.8,254.2,96494980.0
717,2016-08-04,260.0,260.0,253.0,255.0,156732316.0
718,2016-08-05,255.0,260.0,254.8,260.0,115091068.0
719,2016-08-08,255.0,256.4,254.4,255.0,72248698.0
720,2016-08-12,253.0,253.2,252.8,253.0,156681464.0
721,2016-08-15,253.0,253.0,251.8,253.0,98687970.0
722,2016-08-23,253.0,253.0,251.8,252.8,168659508.0
723,2016-08-24,250.0,253.0,249.0,253.0,126620442.0
724,2016-08-25,251.0,254.0,251.0,252.0,139420382.0
725,2016-08-26,253.0,253.0,251.0,251.0,77339568.0
726,2016-08-10,252.2,257.8,251.2,257.0,109358176.0
727,2016-08-11,253.0,254.6,252.2,252.6,162873226.0
728,2016-08-16,253.0,253.2,252.2,253.0,130685078.0
729,2016-08-17,251.2,253.0,251.2,253.0,95870376.0
730,2016-08-18,252.8,252.8,250.4,251.2,69820336.0
731,2016-08-19,252.6,253.0,252.0,253.0,82818400.0
732,2016-08-22,253.0,253.0,250.6,253.0,77839340.0
733,2016-09-06,246.0,248.0,244.8,244.8,183146376.0
734,2016-08-30,249.8,252.8,248.0,251.2,195837894.0
735,2016-08-31,245.0,250.2,245.0,249.8,266112830.0
736,2016-09-01,253.0,253.0,240.6,245.0,84874402.0
737,2016-09-02,250.0,252.4,249.0,252.4,161228798.0
738,2016-09-05,244.6,250.0,244.6,250.0,42429680.0
739,2016-09-05,244.6,250.0,244.6,250.0,42429680.0
740,2016-09-09,236.0,247.0,236.0,247.0,282648544.0
741,2016-09-19,248.6,249.0,244.6,245.2,45469856.0
742,2016-09-21,248.0,249.4,246.0,249.0,62777128.0
743,2016-09-07,247.0,248.0,240.6,246.0,120187166.0
744,2016-09-08,247.2,249.2,243.0,247.0,150751412.0
745,2016-09-13,246.0,247.8,236.4,236.4,140304568.0
746,2016-09-14,243.0,246.0,241.2,246.0,76221952.0
747,2016-09-15,250.0,250.0,241.2,243.0,173708272.0
748,2016-09-16,245.2,249.8,241.2,249.6,122520074.0
749,2016-09-20,248.6,249.8,245.2,248.0,85227296.0
750,2016-10-05,249.8,249.8,247.0,248.0,79366678.0
751,2016-09-22,249.4,250.0,247.8,248.0,65489470.0
752,2016-09-23,247.8,249.4,245.4,246.2,105799420.0
753,2016-09-26,249.8,249.8,247.4,247.8,130768864.0
754,2016-09-27,248.6,250.0,246.0,250.0,98301748.0
755,2016-09-28,245.0,247.0,243.0,247.0,82714290.0
756,2016-09-29,248.2,248.2,245.0,248.2,66895010.0
757,2016-09-30,247.0,249.8,246.6,248.0,155771458.0
758,2016-10-03,248.8,249.6,247.0,247.4,56957438.0
759,2016-10-04,251.4,253.0,248.6,248.8,223248400.0
760,2016-10-10,246.4,248.0,246.0,247.2,45243890.0
761,2016-10-11,244.0,244.4,241.8,244.0,94877092.0
762,2016-10-18,246.0,247.2,242.2,244.0,127237008.0
763,2016-10-19,250.4,252.0,245.8,246.0,102756362.0
764,2016-10-06,251.0,253.0,250.0,250.0,89548250.0
765,2016-10-07,245.8,252.0,245.0,251.0,173506910.0
766,2016-10-12,241.0,245.0,240.0,241.6,140183042.0
767,2016-10-12,241.0,245.0,240.0,241.6,140183042.0
768,2016-10-13,241.0,245.0,240.2,241.0,97736572.0
769,2016-10-14,241.0,244.0,241.0,241.0,115626564.0
770,2016-10-17,236.6,244.6,236.6,241.0,73166744.0
771,2016-11-03,232.2,237.0,232.2,236.0,186786836.0
772,2016-10-20,248.2,250.0,241.8,250.0,89474428.0
773,2016-10-21,247.0,252.0,246.0,248.2,44359872.0
774,2016-10-24,250.8,252.0,247.0,248.0,122141084.0
775,2016-10-25,246.0,250.0,246.0,248.0,86529976.0
776,2016-10-26,247.0,247.0,244.2,246.2,118046448.0
777,2016-10-27,243.0,247.0,243.0,246.0,106691854.0
778,2016-10-28,238.0,245.0,236.8,243.0,184570530.0
779,2016-11-02,236.0,240.0,236.0,238.2,148258270.0
780,2016-11-17,211.8,218.0,211.0,213.0,254599812.0
781,2016-11-04,235.0,236.0,232.2,232.8,125114746.0
782,2016-11-07,230.4,235.6,230.0,235.0,169150788.0
783,2016-11-08,241.0,244.8,232.6,233.0,202509626.0
784,2016-11-09,232.0,244.0,231.0,242.0,140079806.0
785,2016-11-10,239.8,240.0,236.2,240.0,70376726.0
786,2016-11-11,231.0,238.0,230.8,233.0,191503778.0
787,2016-11-14,231.0,235.4,230.4,235.0,132415780.0
788,2016-11-15,208.0,231.0,208.0,231.0,564040832.0
789,2016-11-16,209.4,218.0,209.2,210.4,334114614.0
790,2016-11-28,210.0,217.0,210.0,217.0,106937864.0
791,2016-11-29,215.8,215.8,209.0,209.4,298407344.0
792,2016-11-18,209.0,215.0,209.0,214.0,364242012.0
793,2016-11-21,212.0,215.4,210.0,210.0,99428176.0
794,2016-11-22,216.0,216.0,210.2,213.8,164176988.0
795,2016-11-23,210.0,216.0,208.6,216.0,130334236.0
796,2016-11-24,212.4,215.0,210.0,210.0,73601644.0
797,2016-11-24,212.4,215.0,210.0,210.0,73601644.0
798,2016-11-24,212.4,215.0,210.0,210.0,73601644.0
799,2016-11-25,217.0,217.0,212.4,214.0,66912824.0
800,2016-12-07,210.0,211.0,208.0,209.2,109925142.0
801,2016-12-14,210.0,214.8,210.0,212.4,124568058.0
802,2016-12-01,212.0,219.0,212.0,217.0,179944596.0
803,2016-12-02,219.0,219.0,212.2,215.0,100459940.0
804,2016-12-05,212.8,218.6,212.8,218.6,34098810.0
805,2016-12-06,208.0,216.8,206.4,212.8,326991172.0
806,2016-12-08,217.0,217.0,210.0,213.8,131714246.0
807,2016-12-09,217.0,217.4,215.8,216.0,112174500.0
808,2016-12-12,211.4,217.0,210.8,217.0,116040914.0
809,2016-12-13,215.0,215.2,210.2,211.4,127648790.0
810,2016-12-20,195.0,197.9,193.0,195.1,116823410.0
811,2016-12-21,190.0,198.0,190.0,194.0,184500682.0
812,2016-12-29,194.0,200.4,194.0,199.3,121486452.0
813,2016-12-15,206.0,212.4,206.0,210.0,122573260.0
814,2016-12-16,205.0,209.0,205.0,207.0,130591988.0
815,2016-12-19,195.0,205.8,193.2,205.0,248461913.0
816,2016-12-22,185.5,192.0,184.6,190.0,271313443.0
817,2016-12-27,193.7,196.0,191.0,191.5,34246180.0
818,2016-12-23,190.6,190.9,185.0,186.0,137002881.0
819,2016-12-28,200.0,200.0,194.0,195.0,88650559.0
820,2017-01-16,209.0,215.0,209.0,212.0,87419880.0
821,2017-01-03,200.0,200.0,193.8,194.6,96799711.0
822,2017-01-04,206.0,206.0,198.0,200.0,151215205.0
823,2017-01-05,214.0,219.4,206.0,206.0,239830966.0
824,2017-01-06,213.0,215.2,210.2,214.2,135313094.0
825,2017-01-09,215.0,215.4,213.4,214.0,172689410.0
826,2017-01-10,219.0,220.0,214.6,215.0,239302778.0
827,2017-01-11,219.6,220.0,217.6,220.0,165657360.0
828,2017-01-12,214.0,219.8,214.0,219.6,99870974.0
829,2017-01-13,212.0,215.6,211.0,214.0,75468042.0
830,2017-01-30,209.0,209.0,208.0,209.0,35972058.0
831,2017-01-17,205.8,212.2,205.8,212.0,102713770.0
832,2017-01-18,203.0,208.0,202.2,206.0,88770418.0
833,2017-01-19,205.0,207.0,204.0,204.8,69050916.0
834,2017-01-20,203.0,208.0,203.0,206.2,111053552.0
835,2017-01-23,207.0,208.0,204.0,206.0,59380822.0
836,2017-01-24,206.0,208.6,205.8,208.4,85628444.0
837,2017-01-25,207.2,209.8,207.0,209.8,85954292.0
838,2017-01-26,207.0,210.0,206.6,208.0,383041600.0
839,2017-01-27,208.0,208.8,207.0,207.0,145310824.0
840,2017-02-02,206.4,208.0,205.8,208.0,180737220.0
841,2017-02-03,206.0,207.2,202.6,206.4,73420862.0
842,2017-02-10,206.0,207.0,205.0,206.0,78476072.0
843,2017-01-31,205.6,209.8,205.6,209.4,101024588.0
844,2017-02-01,207.0,209.0,205.6,209.0,70358916.0
845,2017-02-06,208.0,208.2,206.4,206.6,71937870.0
846,2017-02-07,206.6,208.0,205.2,208.0,41898082.0
847,2017-02-08,206.0,207.4,206.0,207.4,62896008.0
848,2017-02-09,206.0,207.4,205.2,207.4,98225950.0
849,2017-02-10,206.0,207.0,205.0,206.0,78476072.0
850,2017-02-23,203.0,204.4,202.0,202.2,111666436.0
851,2017-02-13,207.0,207.2,205.8,206.0,119928052.0
852,2017-02-13,207.0,207.2,205.8,206.0,119928052.0
853,2017-02-14,206.0,207.0,205.8,206.0,140305286.0
854,2017-02-15,201.4,209.8,201.4,209.0,202206304.0
855,2017-02-16,206.0,207.0,201.8,202.2,335424608.0
856,2017-02-17,205.0,207.0,203.0,206.2,40796436.0
857,2017-02-20,205.0,206.0,204.0,205.0,23704922.0
858,2017-02-21,206.0,207.0,204.2,205.0,102727758.0
859,2017-02-22,201.8,206.0,201.8,206.0,179303026.0
860,2017-03-09,197.1,198.0,194.0,194.0,164797231.0
861,2017-02-24,201.8,204.8,201.8,203.0,99749798.0
862,2017-02-27,203.0,204.2,202.0,202.0,104156932.0
863,2017-02-28,201.8,204.0,201.8,202.8,129655596.0
864,2017-03-01,202.8,204.0,201.6,202.0,60083324.0
865,2017-03-02,203.4,204.2,203.0,203.2,111899792.0
866,2017-03-03,201.0,203.4,200.0,203.4,94861258.0
867,2017-03-06,198.0,201.6,197.2,201.0,142400720.0
868,2017-03-07,194.9,198.5,194.8,198.0,396729421.0
869,2017-03-08,193.8,195.2,193.7,195.2,344777307.0
870,2017-03-23,190.2,194.0,190.1,193.9,130935074.0
871,2017-03-10,194.0,199.0,194.0,197.1,117399793.0
872,2017-03-13,196.8,198.1,195.0,195.0,78679101.0
873,2017-03-14,197.0,198.0,196.4,197.6,64227028.0
874,2017-03-15,196.0,197.4,195.0,197.0,27747934.0
875,2017-03-16,196.0,199.0,195.0,196.3,76417969.0
876,2017-03-17,193.2,197.0,191.5,197.0,242557391.0
877,2017-03-20,192.8,195.0,192.8,193.2,67068351.0
878,2017-03-21,194.0,195.0,191.1,191.1,73880144.0
879,2017-03-22,191.0,193.9,191.0,193.9,90403532.0
880,2017-04-06,200.0,200.0,198.2,198.2,124474340.0
881,2017-03-24,188.0,191.9,187.4,191.9,134702264.0
882,2017-03-27,182.1,190.0,182.1,189.0,351892527.0
883,2017-03-28,182.5,185.5,182.5,184.0,120292819.0
884,2017-03-29,188.0,189.0,183.1,183.1,230277788.0
885,2017-03-30,194.5,194.7,189.0,189.0,202516890.0
886,2017-03-31,197.5,197.9,191.1,191.1,249460453.0
887,2017-04-03,197.0,197.8,196.0,197.5,161816813.0
888,2017-04-04,198.0,199.9,197.0,197.0,193724924.0
889,2017-04-05,198.2,199.9,198.1,198.5,228326071.0
890,2017-04-24,210.4,210.6,207.0,208.0,177369088.0
891,2017-04-07,210.4,210.4,200.0,200.0,293384164.0
892,2017-04-10,208.6,210.0,207.0,210.0,128358898.0
893,2017-04-11,207.6,209.0,206.0,208.6,125120676.0
894,2017-04-12,208.8,209.8,207.4,207.6,120426446.0
895,2017-04-17,209.0,212.0,207.8,209.0,159559800.0
896,2017-04-18,207.0,209.8,205.0,209.0,99724750.0
897,2017-04-19,203.4,206.2,203.2,205.0,98115502.0
898,2017-04-20,205.0,205.0,201.6,204.0,88677414.0
899,2017-04-21,208.0,209.0,205.4,205.4,171155896.0
900,2017-05-10,211.0,220.0,211.0,219.0,244346302.0
901,2017-04-25,214.0,215.0,210.6,210.6,163196138.0
902,2017-04-26,214.0,215.0,212.0,214.0,132357742.0
903,2017-04-27,210.0,214.0,210.0,214.0,101337870.0
904,2017-05-02,215.8,216.0,213.0,213.4,205623116.0
905,2017-05-03,213.2,216.0,213.2,215.8,224455508.0
906,2017-05-04,213.4,213.8,212.6,213.8,226567612.0
907,2017-05-05,216.0,217.2,213.2,213.4,205724202.0
908,2017-05-08,218.6,219.8,216.0,216.0,139526396.0
909,2017-05-09,219.0,222.8,218.8,218.8,137206564.0
910,2017-05-23,201.0,204.4,201.0,204.0,81689868.0
911,2017-05-24,206.2,206.8,201.0,201.0,59706086.0
912,2017-05-11,213.0,214.0,211.4,212.0,150912646.0
913,2017-05-12,212.0,213.0,210.2,213.0,105019008.0
914,2017-05-15,206.0,213.0,206.0,212.0,317130382.0
915,2017-05-16,205.0,208.0,203.2,205.6,201222986.0
916,2017-05-17,205.0,209.0,205.0,205.4,270159200.0
917,2017-05-18,200.0,203.8,198.1,200.0,324182222.0
918,2017-05-19,203.0,204.8,200.4,201.0,119346152.0
919,2017-05-22,202.2,206.8,201.4,203.0,78659114.0
920,2017-06-06,214.8,216.6,214.4,216.0,79343502.0
921,2017-05-25,207.0,208.0,203.0,206.2,59945806.0
922,2017-05-26,201.4,207.0,201.4,207.0,142218784.0
923,2017-05-29,203.0,203.0,201.4,201.6,83443422.0
924,2017-05-30,203.8,205.0,201.4,203.6,59433930.0
925,2017-05-31,204.6,205.0,202.4,203.8,396969920.0
926,2017-06-01,216.0,219.6,204.6,204.6,378449284.0
927,2017-06-02,214.0,216.8,214.0,215.6,161172958.0
928,2017-06-02,214.0,216.8,214.0,215.6,161172958.0
929,2017-06-05,216.0,216.8,214.0,214.0,189971252.0
930,2017-06-21,215.4,215.8,214.0,215.0,145927558.0
931,2017-06-07,216.6,218.0,214.8,214.8,125097902.0
932,2017-06-08,215.8,219.6,215.0,216.8,151265124.0
933,2017-06-09,215.8,218.8,214.8,217.0,169074920.0
934,2017-06-13,214.2,215.8,212.6,215.8,96862862.0
935,2017-06-14,215.4,215.4,211.6,214.2,82550674.0
936,2017-06-15,215.2,216.0,215.0,215.0,51337256.0
937,2017-06-16,217.0,217.0,212.8,215.2,179135880.0
938,2017-06-19,216.0,217.0,214.8,217.0,105020504.0
939,2017-06-20,215.0,216.0,213.6,216.0,91368072.0
940,2017-06-28,208.6,211.2,208.6,210.0,111059308.0
941,2017-07-06,207.2,209.4,206.6,207.8,203294808.0
942,2017-06-22,212.8,215.4,211.0,215.4,85240900.0
943,2017-06-23,211.0,212.8,211.0,212.8,119364392.0
944,2017-06-27,210.0,212.0,209.0,212.0,95892014.0
945,2017-06-29,205.4,210.0,205.4,209.0,98471140.0
946,2017-06-30,204.0,205.4,202.4,205.4,155928130.0
947,2017-07-03,206.2,207.0,203.0,204.0,132218194.0
948,2017-07-04,208.0,208.8,207.0,207.0,139654922.0
949,2017-07-05,208.0,208.2,207.0,208.0,37450966.0
950,2017-07-12,212.0,212.2,207.6,208.0,65009052.0
951,2017-07-17,215.2,215.8,215.0,215.2,140607874.0
952,2017-07-20,220.0,223.4,218.0,220.4,220925338.0
953,2017-07-07,208.0,208.2,206.6,207.8,57864556.0
954,2017-07-10,208.0,208.2,206.0,208.0,55170482.0
955,2017-07-11,208.0,208.6,207.0,207.8,25077534.0
956,2017-07-13,214.6,215.8,213.0,213.0,174865786.0
957,2017-07-14,215.0,215.6,213.4,214.6,97700416.0
958,2017-07-18,217.0,217.0,215.4,215.4,111796312.0
959,2017-07-19,220.4,221.4,216.4,217.0,317327344.0
960,2017-07-27,219.0,221.0,216.6,216.8,94135510.0
961,2017-07-28,222.0,222.0,217.0,218.0,198226650.0
962,2017-08-03,216.0,220.0,216.0,219.0,118769916.0
963,2017-07-21,221.8,221.8,215.0,220.0,76592708.0
964,2017-07-24,219.2,221.8,218.0,221.8,30160060.0
965,2017-07-25,217.8,219.0,216.2,219.0,58057226.0
966,2017-07-26,216.8,219.0,215.0,217.8,103161584.0
967,2017-07-31,225.0,227.6,217.6,221.8,185802842.0
968,2017-08-01,223.0,225.0,220.0,225.0,77046680.0
969,2017-08-02,218.0,224.8,218.0,223.0,125835618.0
970,2017-08-08,219.0,220.0,218.2,219.4,111357796.0
971,2017-08-17,238.2,239.8,236.0,238.0,252464130.0
972,2017-08-04,215.2,218.0,214.6,215.8,176347344.0
973,2017-08-07,219.0,219.6,216.0,216.0,100516382.0
974,2017-08-09,217.0,219.0,215.8,219.0,127930206.0
975,2017-08-10,217.0,219.8,216.4,217.0,175699532.0
976,2017-08-11,216.4,217.2,213.0,217.0,259456752.0
977,2017-08-14,222.0,222.4,215.0,216.0,382020148.0
978,2017-08-15,225.0,226.0,221.8,222.0,152874630.0
979,2017-08-16,239.0,245.0,225.0,225.4,545621748.0
980,2017-09-05,244.0,244.0,238.0,238.0,251021932.0
981,2017-08-18,235.2,237.2,234.0,237.2,159758746.0
982,2017-08-22,240.0,240.0,235.0,235.2,333700430.0
983,2017-08-31,238.2,238.8,236.2,238.0,119470200.0
984,2017-08-23,239.2,242.0,238.0,240.0,172281810.0
985,2017-08-24,240.0,240.4,238.0,239.4,69861114.0
986,2017-08-25,239.0,241.0,238.4,239.8,154096544.0
987,2017-08-29,238.8,240.4,237.8,240.0,244929668.0
988,2017-08-30,238.8,239.2,237.8,238.6,156080354.0
989,2017-09-04,238.0,238.4,236.0,238.2,160175528.0
990,2017-09-06,241.0,243.0,240.0,243.0,144666306.0
991,2017-09-08,244.0,251.4,244.0,245.8,129372536.0
992,2017-09-19,244.0,251.4,240.8,246.4,349268796.0
993,2017-09-20,242.0,244.8,241.4,244.0,333053598.0
994,2017-09-07,245.6,245.6,240.8,243.0,176459082.0
995,2017-09-11,244.0,244.4,242.2,244.0,150200198.0
996,2017-09-13,242.0,244.2,240.0,240.0,186877812.0
997,2017-09-14,245.0,249.6,241.6,242.0,156320492.0
998,2017-09-15,243.0,245.0,242.6,245.0,303032634.0
999,2017-09-18,245.0,245.0,242.4,243.0,135179576.0
1000,2017-10-03,242.0,243.6,241.0,242.6,188240112.0
1001,2017-10-04,242.4,242.8,241.6,242.6,129175204.0
1002,2017-09-21,246.0,248.0,242.0,242.6,96081036.0
1003,2017-09-22,244.8,246.0,243.2,246.0,82311470.0
1004,2017-09-25,245.0,245.0,242.0,244.8,48341746.0
1005,2017-09-26,249.8,249.8,240.0,245.0,103729262.0
1006,2017-09-27,248.8,249.0,242.2,249.0,217391980.0
1007,2017-09-28,242.0,248.0,242.0,248.0,222782154.0
1008,2017-09-29,243.8,245.0,242.0,243.0,178283878.0
1009,2017-10-02,242.6,244.8,241.6,244.0,201611660.0
1010,2017-10-19,247.0,250.0,244.6,245.4,270241412.0
1011,2017-10-05,241.8,242.8,241.6,242.8,234216252.0
1012,2017-10-06,242.2,243.6,241.8,241.8,182051948.0
1013,2017-10-09,245.8,245.8,242.0,242.2,50545794.0
1014,2017-10-10,245.0,245.0,242.0,244.0,30315996.0
1015,2017-10-11,244.0,246.6,243.2,245.0,76459198.0
1016,2017-10-12,244.6,247.0,243.6,244.6,138366132.0
1017,2017-10-13,247.0,248.2,244.8,244.8,212076084.0
1018,2017-10-17,245.0,249.2,244.6,246.0,299144934.0
1019,2017-10-18,246.0,246.0,242.0,245.2,141815784.0
1020,2017-11-06,251.0,251.0,248.2,248.2,42923950.0
1021,2017-10-20,246.0,248.0,245.0,247.0,67405538.0
1022,2017-10-23,249.0,251.0,245.6,246.0,240820416.0
1023,2017-10-24,248.0,252.4,246.6,249.0,204835422.0
1024,2017-10-25,250.0,250.8,248.2,248.6,208250870.0
1025,2017-10-26,250.0,252.0,248.6,250.2,184366650.0
1026,2017-10-27,249.8,250.0,248.6,250.0,114554092.0
1027,2017-10-30,249.0,251.2,248.4,250.0,75290518.0
1028,2017-11-02,251.4,251.4,248.2,248.4,184924746.0
1029,2017-11-03,248.2,254.4,248.2,251.4,198642294.0
1030,2017-11-07,253.4,254.0,250.6,251.6,199219888.0
1031,2017-11-20,257.0,260.0,257.0,260.0,207115268.0
1032,2017-11-21,254.0,256.2,251.0,256.2,264966984.0
1033,2017-11-08,252.0,253.2,251.4,253.2,260390162.0
1034,2017-11-09,253.0,253.0,251.6,252.0,310708150.0
1035,2017-11-10,251.2,254.0,249.6,254.0,121909688.0
1036,2017-11-13,257.0,258.6,253.0,253.0,248767998.0
1037,2017-11-14,259.6,259.6,255.8,257.0,168815040.0
1038,2017-11-15,255.8,258.8,255.8,258.8,159425424.0
1039,2017-11-16,258.8,260.0,255.8,256.0,414896470.0
1040,2017-11-17,259.8,260.0,257.4,260.0,190297856.0
1041,2017-11-22,255.0,259.0,253.4,254.0,174182628.0
1042,2017-12-05,243.8,244.6,241.4,241.4,108944560.0
1043,2017-11-23,254.0,255.0,253.0,254.6,75006436.0
1044,2017-11-24,258.4,258.4,252.8,253.2,144713772.0
1045,2017-11-27,254.0,258.2,253.6,258.2,140155496.0
1046,2017-11-28,252.0,254.0,250.0,254.0,180239472.0
1047,2017-11-29,243.6,252.6,243.6,252.4,1095576478.0
1048,2017-12-01,245.4,246.6,243.6,244.0,254718036.0
1049,2017-12-04,241.4,245.4,240.2,245.4,141267932.0
1050,2017-12-08,248.8,249.0,245.0,247.0,83385206.0
1051,2017-12-19,244.6,250.0,244.2,249.2,232977644.0
1052,2017-12-06,243.0,247.6,242.0,243.2,106245642.0
1053,2017-12-07,246.8,248.0,243.0,243.0,78891494.0
1054,2017-12-11,249.0,249.0,246.8,247.2,159047600.0
1055,2017-12-12,249.4,250.0,248.4,249.4,442571746.0
1056,2017-12-13,247.0,250.0,247.0,250.0,135253332.0
1057,2017-12-14,244.0,248.0,243.6,248.0,332196616.0
1058,2017-12-15,246.0,246.2,244.2,245.2,395680022.0
1059,2017-12-18,249.4,250.2,246.0,246.0,72886602.0
1060,2017-12-21,247.8,248.2,244.4,245.0,81286030.0
1061,2018-01-08,256.0,259.0,253.4,257.4,216069242.0
1062,2017-12-20,243.8,248.8,243.8,246.4,181744272.0
1063,2018-01-03,255.4,256.8,253.0,253.4,190253754.0
1064,2017-12-22,247.0,248.0,244.8,247.8,126598772.0
1065,2017-12-27,248.8,248.8,246.0,247.0,79119640.0
1066,2017-12-28,254.0,257.0,248.8,248.8,221813808.0
1067,2017-12-29,253.0,257.4,253.0,255.0,144728120.0
1068,2018-01-04,255.0,255.4,253.0,255.4,157152856.0
1069,2018-01-05,255.0,257.4,255.0,255.6,242201952.0
1070,2018-01-11,255.0,256.0,253.8,255.4,173818308.0
1071,2018-01-22,283.0,286.8,279.6,280.0,282607838.0
1072,2018-01-09,255.8,258.0,255.0,256.0,250188588.0
1073,2018-01-10,255.4,256.6,255.0,256.2,114405846.0
1074,2018-01-12,255.0,258.0,255.0,257.8,336474914.0
1075,2018-01-15,263.8,264.2,255.0,257.0,327980076.0
1076,2018-01-16,277.6,278.0,263.8,263.8,494300384.0
1077,2018-01-17,277.6,279.4,276.6,277.4,466839014.0
1078,2018-01-18,279.0,279.0,271.4,277.0,411238562.0
1079,2018-01-19,280.0,280.0,275.2,278.0,155387768.0
1080,2018-02-05,282.0,290.0,282.0,290.0,211043346.0
1081,2018-01-23,282.2,283.0,279.8,282.6,331227704.0
1082,2018-01-24,282.0,288.8,281.4,282.0,203090764.0
1083,2018-01-25,293.0,293.0,282.0,282.0,143135990.0
1084,2018-01-26,292.2,293.0,290.0,290.4,109459678.0
1085,2018-01-29,285.4,295.0,285.4,292.0,155582990.0
1086,2018-01-30,284.2,285.4,281.0,285.4,318153214.0
1087,2018-01-31,284.8,285.0,282.0,284.2,258922120.0
1088,2018-02-01,287.2,289.0,284.6,284.8,147365562.0
1089,2018-02-02,294.0,294.0,285.0,287.2,275351026.0
1090,2018-02-20,286.0,289.8,283.8,289.6,113689772.0
1091,2018-02-06,289.0,289.0,267.0,274.4,288698696.0
1092,2018-02-07,293.2,294.6,288.0,290.0,170664024.0
1093,2018-02-08,292.8,294.0,288.0,294.0,253249822.0
1094,2018-02-09,292.0,292.0,284.2,289.8,119525202.0
1095,2018-02-12,283.0,291.8,282.2,289.0,210277632.0
1096,2018-02-13,277.0,284.0,275.6,283.0,213100904.0
1097,2018-02-14,278.0,283.0,275.0,281.6,414579614.0
1098,2018-02-15,285.0,289.8,280.0,281.8,147488304.0
1099,2018-02-19,285.0,291.0,283.8,283.8,142298424.0
1100,2018-02-21,282.0,286.0,282.0,285.6,125695768.0
1101,2018-03-06,298.6,304.0,297.8,300.0,249933088.0
1102,2018-02-22,282.0,289.2,280.0,283.4,169788234.0
1103,2018-02-23,282.0,289.4,281.4,285.0,363248974.0
1104,2018-02-26,292.0,292.8,281.6,282.0,243019256.0
1105,2018-02-27,295.0,297.2,289.2,292.0,239980464.0
1106,2018-02-28,298.4,298.8,289.0,295.0,313188434.0
1107,2018-03-01,297.6,300.0,295.8,297.6,197877030.0
1108,2018-03-02,298.0,298.4,295.0,297.6,218598742.0
1109,2018-03-05,299.6,300.0,296.0,299.0,116216658.0
1110,2018-03-20,286.0,296.8,285.0,296.8,296339222.0
1111,2018-03-07,304.0,304.0,299.8,300.0,258097130.0
1112,2018-03-08,295.0,304.0,295.0,303.0,110192940.0
1113,2018-03-09,292.0,297.0,292.0,297.0,103686130.0
1114,2018-03-12,295.4,299.0,292.2,296.0,89761650.0
1115,2018-03-13,293.0,297.0,292.4,296.0,163660104.0
1116,2018-03-14,288.4,294.4,287.4,293.0,219406404.0
1117,2018-03-15,284.0,288.6,282.6,288.4,324615520.0
1118,2018-03-16,305.4,305.4,286.8,286.8,616862708.0
1119,2018-03-19,298.0,299.6,295.2,299.6,157765092.0
1120,2018-04-05,280.0,289.0,280.0,285.0,141051486.0
1121,2018-03-21,285.0,293.0,285.0,286.6,273094060.0
1122,2018-03-22,286.8,288.0,282.4,285.4,164489332.0
1123,2018-03-23,288.0,288.0,280.0,285.0,244736736.0
1124,2018-03-26,295.0,295.0,282.0,286.6,116911380.0
1125,2018-03-27,294.4,297.0,289.4,295.0,104593790.0
1126,2018-03-28,299.0,299.0,292.0,295.0,225666442.0
1127,2018-04-02,300.0,300.0,292.0,296.0,206930584.0
1128,2018-04-03,296.4,298.0,294.8,295.0,413559980.0
1129,2018-04-04,285.0,299.8,285.0,296.0,297675910.0
1130,2018-04-19,285.0,293.4,282.0,289.0,471219438.0
1131,2018-04-20,291.0,293.0,288.0,288.0,192757596.0
1132,2018-04-06,278.0,285.0,276.0,281.0,363101860.0
1133,2018-04-10,284.0,285.0,275.2,278.0,334949782.0
1134,2018-04-11,289.6,289.6,284.0,284.0,345747862.0
1135,2018-04-12,300.0,300.0,289.4,289.8,79073328.0
1136,2018-04-13,292.2,298.0,290.0,298.0,293538874.0
1137,2018-04-16,291.6,295.0,287.8,295.0,139018598.0
1138,2018-04-17,288.6,291.6,287.4,291.6,306310554.0
1139,2018-04-18,294.2,297.0,288.0,288.6,145878288.0
1140,2018-04-24,285.0,293.6,285.0,292.0,256681036.0
1141,2018-04-25,281.6,290.0,280.2,285.4,340294200.0
1142,2018-05-03,275.0,285.0,275.0,285.0,255290344.0
1143,2018-05-04,275.4,280.0,273.0,276.0,238442048.0
1144,2018-05-07,279.0,279.0,270.8,276.0,216453920.0
1145,2018-04-23,294.0,294.0,290.0,291.0,88378876.0
1146,2018-04-26,280.0,282.0,279.0,280.0,374119926.0
1147,2018-04-27,282.0,289.0,282.0,282.2,78638258.0
1148,2018-04-30,285.0,287.6,283.0,283.0,205885322.0
1149,2018-05-02,283.0,287.6,283.0,286.0,124750010.0
1150,2018-05-11,285.0,286.0,280.6,280.8,104465500.0
1151,2018-05-22,284.0,286.0,283.0,285.0,162154034.0
1152,2018-05-23,287.0,287.4,280.0,285.0,163396386.0
1153,2018-05-08,278.0,280.0,276.4,279.0,407627730.0
1154,2018-05-09,283.0,285.0,279.0,279.0,182963846.0
1155,2018-05-10,279.8,286.2,278.4,285.8,269105362.0
1156,2018-05-15,283.0,283.6,279.4,283.0,292545014.0
1157,2018-05-16,286.6,286.6,280.2,283.0,140611456.0
1158,2018-05-17,285.0,286.0,284.0,286.0,123168468.0
1159,2018-05-18,285.0,285.2,281.0,285.2,67073048.0
1160,2018-05-21,280.0,286.6,280.0,284.0,100732294.0
1161,2018-05-24,285.0,287.0,281.4,287.0,106779946.0
1162,2018-05-25,281.2,285.0,279.8,285.0,136750040.0
1163,2018-05-29,283.0,283.2,279.0,280.2,89068456.0
1164,2018-05-31,274.0,281.2,274.0,280.0,781208262.0
1165,2018-06-05,280.2,281.8,279.4,280.4,195174610.0
1166,2018-05-28,280.4,281.2,280.0,281.2,94926180.0
1167,2018-05-30,280.0,283.6,278.6,280.0,309562038.0
1168,2018-06-01,283.8,284.2,276.8,280.0,211403096.0
1169,2018-06-04,280.4,284.2,279.2,284.0,519499114.0
1170,2018-06-06,280.8,281.8,279.8,281.0,186140116.0
1171,2018-06-07,282.6,284.2,280.8,280.8,123181326.0
1172,2018-06-13,279.0,282.6,278.8,281.0,300581890.0
1173,2018-06-18,277.2,279.2,276.2,279.2,168982136.0
1174,2018-06-19,284.0,284.0,276.0,276.2,211633460.0
1175,2018-06-20,279.0,282.0,278.4,278.4,203029316.0
1176,2018-06-21,270.0,279.0,269.0,279.0,507693728.0
1177,2018-06-22,267.0,270.0,263.0,270.0,399342998.0
1178,2018-06-25,268.4,277.0,267.0,275.0,205205728.0
1179,2018-06-26,270.6,272.6,267.8,269.0,100144936.0
1180,2018-06-27,271.0,273.0,269.0,270.8,143539410.0
1181,2018-06-28,259.6,270.0,259.0,270.0,459395622.0
1182,2018-06-29,263.0,265.0,259.6,259.8,99420966.0
1183,2018-07-02,260.0,263.2,259.0,263.0,251287770.0
1184,2018-07-03,260.0,262.4,259.6,260.0,240920150.0
1185,2018-07-04,259.8,260.0,251.0,260.0,312920260.0
1186,2018-07-05,254.0,259.8,252.8,259.8,161440332.0
1187,2018-07-06,251.0,254.2,250.6,254.0,146715120.0
1188,2018-07-09,245.0,253.0,245.0,251.8,182017796.0
1189,2018-07-10,246.0,249.0,245.0,245.2,131691792.0
1190,2018-07-11,247.2,249.0,245.8,246.0,187848996.0
1191,2018-07-12,249.8,251.4,247.6,249.0,447212688.0
1192,2018-07-13,251.8,253.6,249.8,252.0,153663680.0
1193,2018-07-16,248.8,253.4,246.6,252.0,67915784.0
1194,2018-07-17,252.6,252.6,248.4,249.0,60290302.0
1195,2018-07-18,254.2,254.2,251.0,252.6,36088200.0
1196,2018-07-19,253.0,254.4,251.0,254.2,41477148.0
1197,2018-07-20,250.0,251.4,250.0,250.6,146528602.0
1198,2018-07-23,250.0,251.0,250.0,250.0,64354384.0
1199,2018-07-24,251.0,254.0,250.0,250.4,56458500.0
1200,2018-07-25,251.2,254.0,251.0,251.0,52267952.0
1201,2018-07-26,256.2,257.8,252.0,253.0,183033852.0
1202,2018-07-27,266.0,266.0,256.2,257.0,168362980.0
1203,2018-07-30,266.0,266.0,261.6,265.0,74706782.0
1204,2018-07-31,270.0,270.0,261.8,265.8,265621822.0
1205,2018-08-01,279.4,279.4,267.6,270.0,217399654.0
1206,2018-08-02,276.0,279.0,273.4,279.0,140982126.0
1207,2018-08-03,277.0,277.4,273.8,275.0,122275610.0
1208,2018-08-06,280.0,280.0,276.2,277.0,99138580.0
1209,2018-08-07,270.0,279.8,270.0,279.8,174236974.0
1210,2018-08-08,276.8,276.8,270.2,271.0,86668644.0
1211,2018-08-09,269.0,274.2,269.0,274.0,121042650.0
1212,2018-08-10,267.0,274.0,266.0,269.0,131822456.0
1213,2018-08-13,270.0,270.0,262.8,266.0,64696424.0
1214,2018-08-14,273.4,273.4,265.0,270.2,107028324.0
1215,2018-08-15,274.0,275.0,270.0,273.4,91082190.0
1216,2018-08-16,266.8,270.8,266.8,270.4,170858808.0
1217,2018-08-17,271.2,271.8,266.6,266.6,266396484.0
1218,2018-08-20,273.0,274.8,271.2,271.6,110204642.0
1219,2018-08-22,286.0,286.0,273.6,275.0,486459290.0
1220,2018-08-23,293.0,293.0,286.8,287.0,584256746.0
1221,2018-08-24,288.0,293.0,284.2,293.0,167498724.0
1222,2018-08-28,290.2,294.0,287.0,287.2,242684612.0
1223,2018-08-29,287.4,291.0,286.0,288.8,197926866.0
1224,2018-08-30,286.0,286.0,278.6,285.8,154098064.0
1225,2018-08-31,288.0,288.0,279.4,287.8,292015084.0
1226,2018-09-03,282.0,288.0,282.0,288.0,98555520.0
1227,2018-09-04,286.6,288.0,282.0,282.0,165059598.0
1228,2018-09-05,285.0,287.0,279.0,286.6,135365084.0
1229,2018-09-06,276.0,282.2,275.4,282.2,207474490.0
1230,2018-09-07,281.0,281.0,275.4,277.0,152068558.0
1231,2018-09-10,278.4,281.0,277.6,280.8,223707636.0
1232,2018-09-11,276.0,279.0,275.2,278.4,99197660.0
1233,2018-09-12,269.0,279.6,269.0,276.0,155450270.0
1234,2018-09-13,277.0,277.0,270.0,270.0,150479674.0
1235,2018-09-14,269.0,274.0,267.4,273.0,151355826.0
1236,2018-09-17,275.0,275.0,269.0,269.0,45614736.0
1237,2018-09-18,272.0,274.8,265.2,274.8,185698000.0
1238,2018-09-19,264.0,272.0,258.0,272.0,142660632.0
1239,2018-09-20,271.0,273.2,264.2,271.0,97701682.0
1240,2018-09-21,272.0,275.4,269.8,273.8,189165662.0
1241,2018-09-21,272.0,275.4,269.8,273.8,189165662.0
1242,2018-09-24,271.0,273.0,270.0,272.4,56404456.0
1243,2018-09-24,271.0,273.0,270.0,272.4,56404456.0
1244,2018-09-25,268.8,272.0,268.0,271.8,61847902.0
1245,2018-09-26,266.2,268.8,265.4,268.8,35366650.0
1246,2018-09-27,259.0,266.4,259.0,266.0,209555208.0
1247,2018-09-28,257.0,265.0,257.0,262.0,156812492.0
1248,2018-10-01,252.0,261.0,252.0,257.2,100350836.0
1249,2018-10-02,250.0,255.0,248.8,252.2,228700450.0
1250,2018-10-03,252.0,252.4,250.8,251.0,99140658.0
1251,2018-10-04,252.0,255.4,251.0,253.0,90694530.0
1252,2018-10-05,247.0,251.4,246.6,251.0,222232564.0
1253,2018-10-08,243.0,248.0,243.0,247.0,227524624.0
1254,2018-10-09,252.4,256.0,243.2,243.2,107180008.0
1255,2018-10-10,254.0,254.0,245.0,253.8,345842406.0
1256,2018-10-11,254.0,254.0,246.0,246.2,123100380.0
1257,2018-10-12,262.0,263.0,249.0,253.0,113808286.0
1258,2018-10-15,250.0,264.0,250.0,262.0,123042096.0
1259,2018-10-16,254.2,254.8,248.0,252.0,218098116.0
1260,2018-10-17,258.6,262.0,254.2,254.2,98063778.0
1261,2018-10-18,260.0,260.0,256.0,258.6,84946504.0
1262,2018-10-19,265.0,265.0,258.0,261.0,86535340.0
1263,2018-10-22,272.0,272.0,263.4,265.0,186857130.0
1264,2018-10-23,268.0,271.8,265.4,271.8,184810508.0
1265,2018-10-24,264.2,268.0,263.0,268.0,122629132.0
1266,2018-10-25,262.0,262.0,255.0,261.6,121399176.0
1267,2018-10-26,270.0,270.0,260.0,262.0,186689192.0
1268,2018-10-29,270.0,271.0,263.8,268.0,98066140.0
1269,2018-10-30,264.0,267.0,259.8,267.0,216832012.0
1270,2018-10-31,276.0,277.0,265.4,267.8,400244638.0
1271,2018-11-05,280.0,284.6,269.2,275.0,472185856.0
1272,2018-11-06,278.6,282.0,276.8,280.0,180519952.0
1273,2018-11-07,280.0,280.0,270.8,278.6,157640510.0
1274,2018-11-08,280.0,280.0,271.2,278.8,225951558.0
1275,2018-11-09,278.0,279.0,273.0,279.0,91977590.0
1276,2018-11-12,274.0,279.4,274.0,276.0,93114754.0
1277,2018-11-13,272.8,274.4,265.2,273.2,243707040.0
1278,2018-11-14,279.0,279.0,268.0,274.0,186255532.0
1279,2018-11-15,280.0,282.0,276.6,278.8,103925662.0
1280,2018-11-16,282.0,284.8,280.0,284.8,145383724.0
1281,2018-11-19,282.0,284.0,278.4,280.0,158730652.0
1282,2018-11-20,279.0,282.0,278.4,282.0,108840204.0
1283,2018-11-21,282.0,282.0,277.4,279.0,122325906.0
1284,2018-11-22,285.0,285.0,278.0,279.8,166252914.0
1285,2018-11-23,283.0,284.4,283.0,283.2,105653968.0
1286,2018-11-26,280.0,284.2,280.0,282.8,89152006.0
1287,2018-11-27,283.0,283.0,279.8,280.6,200634732.0
1288,2018-11-28,280.0,283.0,279.8,282.0,183669504.0
1289,2018-11-29,278.4,284.0,278.4,280.0,590784184.0
1290,2018-12-03,286.8,286.8,278.6,278.6,294411962.0
1291,2018-12-04,289.6,298.8,286.0,286.8,448105466.0
1292,2018-12-05,294.0,297.0,288.8,289.0,215614144.0
1293,2018-12-06,296.0,296.6,293.0,294.4,148851062.0
1294,2018-12-07,295.0,296.0,294.0,295.6,169505856.0
1295,2018-12-10,291.0,294.0,289.0,294.0,77038300.0
1296,2018-12-11,297.0,297.0,288.2,290.0,176993358.0
1297,2018-12-12,294.0,296.6,292.0,296.0,499699802.0
1298,2018-12-13,294.6,295.2,293.4,294.0,142896044.0
1299,2018-12-14,298.0,298.6,295.0,295.0,409748330.0
1300,2018-12-17,300.0,305.0,297.0,298.0,378665862.0
1301,2018-12-18,301.2,303.0,298.6,301.0,305474328.0
1302,2018-12-19,305.0,305.0,298.2,300.0,543149918.0
1303,2018-12-20,303.0,309.8,303.0,305.6,201359144.0
1304,2018-12-21,302.4,303.0,298.6,303.0,215698614.0
1305,2018-12-26,292.0,300.0,285.0,298.0,316868200.0
1306,2018-12-27,295.0,297.6,288.0,292.0,172233560.0
1307,2018-12-28,291.8,299.8,291.8,295.0,125709488.0
1308,2019-01-02,293.0,295.8,291.8,292.0,53280590.0
1309,2019-01-03,292.0,294.2,290.8,292.8,486226536.0
1310,2019-01-04,309.0,310.4,293.2,293.8,497237604.0
1311,2019-01-07,323.0,324.2,309.0,309.0,322676272.0
1312,2019-01-08,321.0,323.0,316.0,323.0,198674214.0
1313,2019-01-09,319.0,321.0,316.0,321.0,529473896.0
1314,2019-01-10,314.0,319.0,312.0,318.0,334913822.0
1315,2019-01-11,316.6,318.0,312.0,314.0,135146012.0
1316,2019-01-14,324.0,324.0,312.0,316.6,300713858.0
1317,2019-01-15,315.0,324.0,315.0,324.0,189695816.0
1318,2019-01-16,307.0,317.8,307.0,315.2,183695644.0
1319,2019-01-17,313.0,314.6,308.0,308.0,137890010.0
1320,2019-01-18,324.8,324.8,314.2,315.0,303655046.0
1321,2019-01-21,325.2,325.2,320.0,324.6,130252054.0
1322,2019-01-22,325.0,325.0,322.0,325.0,183803708.0
1323,2019-01-23,317.0,324.4,316.2,324.4,134524508.0
1324,2019-01-24,315.8,322.2,315.8,319.0,97169836.0
1325,2019-01-25,323.6,325.0,315.8,315.8,123568078.0
1326,2019-01-28,317.0,324.0,317.0,323.0,190522802.0
1327,2019-01-29,322.0,328.4,322.0,323.0,233023908.0
1328,2019-01-30,314.0,322.0,307.6,322.0,311788736.0
1329,2019-01-31,316.0,320.0,315.0,317.0,332073624.0
1330,2019-02-01,320.0,321.6,318.0,318.0,225698206.0
1331,2019-02-04,315.0,320.0,315.0,318.0,110516296.0
1332,2019-02-06,322.0,323.8,317.0,317.0,337316792.0
1333,2019-02-07,323.0,323.0,319.2,322.0,172687304.0
1334,2019-02-11,314.8,320.0,314.8,317.0,137217084.0
1335,2019-02-12,312.0,318.0,312.0,318.0,149242974.0
1336,2019-02-13,316.0,317.0,311.2,314.0,258044220.0
1337,2019-02-14,321.2,322.0,314.2,316.0,268147412.0
1338,2019-02-15,316.6,323.8,316.6,321.2,197234356.0
1339,2019-02-18,312.0,319.8,312.0,317.0,90486342.0
1340,2019-02-19,310.0,316.0,310.0,313.0,335261304.0
1341,2019-02-20,310.4,313.0,309.0,311.0,301912662.0
1342,2019-02-21,307.2,310.6,306.4,310.0,302073718.0
1343,2019-02-22,313.2,313.2,307.4,307.4,141249422.0
1344,2019-02-26,315.0,316.8,310.0,313.4,289745428.0
1345,2019-02-27,308.0,314.0,308.0,314.0,403685414.0
1346,2019-02-28,307.8,311.0,307.8,309.8,201287064.0
1347,2019-03-01,309.0,315.8,305.8,309.4,566883472.0
1348,2019-03-04,309.0,312.0,308.0,309.0,110743898.0
1349,2019-03-05,309.0,311.0,309.0,309.0,211654296.0
1350,2019-03-06,316.0,316.0,308.0,309.8,193221908.0
1351,2019-03-07,320.0,320.0,316.0,316.0,216372702.0
1352,2019-03-08,317.6,319.8,316.0,319.8,179773418.0
1353,2019-03-11,311.0,317.6,308.8,317.6,141081468.0
1354,2019-03-12,317.0,317.0,311.0,312.0,44132774.0
1355,2019-03-13,316.4,318.0,315.0,315.6,115340046.0
1356,2019-03-14,312.0,316.0,312.0,316.0,80441566.0
1357,2019-03-15,316.2,316.2,310.6,313.0,233490632.0
1358,2019-03-18,315.2,317.2,313.0,316.4,281602046.0
1359,2019-03-19,313.6,316.0,312.2,315.2,115083494.0
1360,2019-03-20,313.6,315.0,312.8,313.0,89737984.0
1361,2019-03-21,312.4,315.0,312.0,313.6,148047020.0
1362,2019-03-22,312.4,317.2,312.2,313.4,253693268.0
1363,2019-03-25,316.0,316.0,308.0,313.0,850683636.0
1364,2019-03-26,316.6,319.2,314.0,315.8,231388642.0
1365,2019-03-27,316.0,317.0,313.0,316.6,105627558.0
1366,2019-03-28,316.0,317.0,313.0,317.0,85794952.0
1367,2019-03-29,317.0,319.0,316.0,316.2,199375010.0
1368,2018-06-08,284.0,284.0,280.4,283.0,66489594.0
1369,2018-06-11,285.0,286.0,282.8,284.0,138959844.0
1370,2018-06-14,279.2,280.2,276.6,278.4,388622722.0
1371,2019-02-08,316.2,324.8,314.6,324.8,125851690.0
1372,2019-04-01,315.0,317.4,311.8,317.0,136790566.0
1373,2019-04-02,317.0,318.6,315.0,315.0,218588468.0
1374,2019-04-03,318.8,319.0,316.4,317.0,123880212.0
1375,2019-04-04,318.8,319.6,317.8,318.8,167851596.0
1376,2019-04-05,320.0,321.0,319.0,319.0,445013356.0
1377,2019-04-08,318.8,320.6,318.8,320.2,157618072.0
1378,2019-04-10,322.0,322.6,320.4,322.0,254266656.0
1379,2019-04-11,317.2,322.6,317.2,322.0,107146204.0
1380,2019-04-12,310.0,319.8,310.0,318.0,526382822.0
1381,2019-04-15,310.0,312.0,305.8,310.0,320423108.0
1382,2019-04-16,306.0,310.4,305.8,310.2,240388716.0
1383,2019-04-17,304.0,307.8,303.0,306.0,213308476.0
1384,2019-04-22,303.0,309.8,302.6,304.0,395456306.0
1385,2019-04-23,302.2,304.4,301.4,303.0,291312114.0
1386,2019-04-24,300.4,302.8,300.0,301.8,343598008.0
1387,2019-04-25,303.0,307.6,301.0,301.0,274904516.0
1388,2019-04-26,303.0,305.0,301.2,303.0,149795242.0
